Workbook

Sheet Read Me
A1: Azure CIS Control Register
A3: Purpose: master list of CIS-recommended controls by Azure service, taken from the four CIS Microsoft Azure benchmarks supplied.
A5: Source benchmarks
A6: • CIS Microsoft Azure Foundations Benchmark v6.0.0 (published 2026-04-19): 127 recommendations
A7: • CIS Microsoft Azure Compute Services Benchmark v2.0.0 (published 2025-06-27): 99 recommendations
A8: • CIS Microsoft Azure Database Services Benchmark v2.0.0 (published 2025-12-31): 49 recommendations
A9: • CIS Microsoft Azure Storage Services Benchmark v2.0.0 (published 2026-06-30): 64 recommendations
A10: Total: 339 recommendations
A12: Sheets
A13: • All Controls: every recommendation, sorted by Service Category > Azure Service > Benchmark > CIS ID. Filter-ready table.
A14: • Service Summary: control counts per service (live COUNTIFS formulas over All Controls).
A15: • Foundations / Compute / Database / Storage: one sheet per benchmark, in CIS order.
... A34: • Recommendation titles are reproduced as written. See the source PDFs for audit and remediation steps.

Sheet All Controls
A1: # | B1: Service Category | C1: Azure Service | D1: Section / Sub-service | E1: CIS ID | F1: Control (CIS Recommendation) | G1: Profile | H1: Assessment | I1: CIS Benchmark (Version) | J1: Overlap Flag | K1: Overlap Reference
A2: 1 | B2: Analytics | C2: Azure Databricks | D2: Analytics Services > Azure Databricks | E2: 2.1.1 | F2: Ensure that Azure Databricks is deployed in a customer-managed virtual network (VNet) | G2: Level 1 | H2: Automated | I2: CIS Microsoft Azure Foundations Benchmark v6.0.0 | J2: None
A3: 2 | B3: Analytics | C3: Azure Databricks | D3: Analytics Services > Azure Databricks | E3: 2.1.2 | F3: Ensure that Network Security Groups are Configured for Databricks Subnets | G3: Level 1 | H3: Automated | I3: CIS Microsoft Azure Foundations Benchmark v6.0.0 | J3: None
A4: 3 | B4: Analytics | C4: Azure Databricks | D4: Analytics Services > Azure Databricks | E4: 2.1.3 | F4: Ensure that Traffic is Encrypted Between Cluster Worker Nodes | G4: Level 2 | H4: Manual | I4: CIS Microsoft Azure Foundations Benchmark v6.0.0 | J4: None
A5: 4 | B5: Analytics | C5: Azure Databricks | D5: Analytics Services > Azure Databricks | E5: 2.1.4 | F5: Ensure that Users and Groups are Synced from Microsoft Entra ID to Azure Databricks | G5: Level 1 | H5: Manual | I5: CIS Microsoft Azure Foundations Benchmark v6.0.0 | J5: None
A6: 5 | B6: Analytics | C6: Azure Databricks | D6: Analytics Services > Azure Databricks | E6: 2.1.5 | F6: Ensure that Unity Catalog is Configured for Azure Databricks | G6: Level 1 | H6: Manual | I6: CIS Microsoft Azure Foundations Benchmark v6.0.0 | J6: None
A7: 6 | B7: Analytics | C7: Azure Databricks | D7: Analytics Services > Azure Databricks | E7: 2.1.6 | F7: Ensure that Usage is Restricted and Expiry is Enforced for Databricks Personal Access Tokens | G7: Level 1 | H7: Manual | I7: CIS Microsoft Azure Foundations Benchmark v6.0.0 | J7: None
A8: 7 | B8: Analytics | C8: Azure Databricks | D8: Analytics Services > Azure Databricks | E8: 2.1.7 | F8: Ensure that Diagnostic Log Delivery is Configured for Azure Databricks | G8: Level 1 | H8: Automated | I8: CIS Microsoft Azure Foundations Benchmark v6.0.0 | J8: None
A9: 8 | B9: Analytics | C9: Azure Databricks | D9: Analytics Services > Azure Databricks | E9: 2.1.8 | F9: Ensure Critical Data in Azure Databricks is Encrypted with Customer-managed Keys (CMK) | G9: Level 2 | H9: Manual | I9: CIS Microsoft Azure Foundations Benchmark v6.0.0 | J9: None
A10: 9 | B10: Analytics | C10: Azure Databricks | D10: Analytics Services > Azure Databricks | E10: 2.1.9 | F10: Ensure 'No Public IP' is Set to 'Enabled' | G10: Level 1 | H10: Automated | I10: CIS Microsoft Azure Foundations Benchmark v6.0.0 | J10: None
A11: 10 | B11: Analytics | C11: Azure Databricks | D11: Analytics Services > Azure Databricks | E11: 2.1.10 | F11: Ensure 'Allow Public Network Access' is set to 'Disabled' | G11: Level 1 | H11: Automated | I11: CIS Microsoft Azure Foundations Benchmark v6.0.0 | J11: None
A12: 11 | B12: Analytics | C12: Azure Databricks | D12: Analytics Services > Azure Databricks | E12: 2.1.11 | F12: Ensure Private Endpoints are used to access Azure Databricks workspaces | G12: Level 2 | H12: Automated | I12: CIS Microsoft Azure Foundations Benchmark v6.0.0 | J12: None
A13: 12 | B13: Analytics | C13: Azure Databricks | D13: Analytics Services > Azure Databricks | E13: 2.1.12 | F13: Ensure Azure Databricks groups are reviewed periodically | G13: Level 1 | H13: Manual | I13: CIS Microsoft Azure Foundations Benchmark v6.0.0 | J13: None
... A101: 100 | B101: Compute | C101: Azure Functions | D101: App Service > Functions Deployment Slots | E101: 2.4.16 | F101: Ensure cross-origin resource sharing does not allow all origins | G101: Level 2 | H101: Automated | I101: CIS Microsoft Azure Compute Services Benchmark v2.0.0 | J101: None
A102: 101 | B102: Compute | C102: Azure Virtual Machines | D102: Compute Services > Virtual Machines | E102: 3.1.1 | F102: Ensure only MFA Enabled Identities can Access Privileged Virtual Machine | G102: Level 2 | H102: Manual | I102: CIS Microsoft Azure Foundations Benchmark v6.0.0 | J102: Duplicate | K102: Compute v2.0.0 20.9
A103: 102 | B103: Compute | C103: Azure Virtual Machines | D103: Virtual Machines | E103: 20.1 | F103: Ensure Virtual Machines are utilizing Managed Disks | G103: Level 1 | H103: Automated | I103: CIS Microsoft Azure Compute Services Benchmark v2.0.0 | J103: None
A104: 103 | B104: Compute | C104: Azure Virtual Machines | D104: Virtual Machines | E104: 20.2 | F104: Ensure that 'OS and Data' disks are encrypted with Customer Managed Key (CMK) | G104: Level 2 | H104: Automated | I104: CIS Microsoft Azure Compute Services Benchmark v2.0.0 | J104: None
A105: 104 | B105: Compute | C105: Azure Virtual Machines | D105: Virtual Machines | E105: 20.3 | F105: Ensure that 'Unattached disks' are encrypted with 'Customer Managed Key' (CMK) | G105: Level 2 | H105: Automated | I105: CIS Microsoft Azure Compute Services Benchmark v2.0.0 | J105: None
A106: 105 | B106: Compute | C106: Azure Virtual Machines | D106: Virtual Machines | E106: 20.4 | F106: Ensure that 'Disk Network Access' is NOT set to 'Enable public access from all networks' | G106: Level 1 | H106: Automated | I106: CIS Microsoft Azure Compute Services Benchmark v2.0.0 | J106: None
A107: 106 | B107: Compute | C107: Azure Virtual Machines | D107: Virtual Machines | E107: 20.5 | F107: Ensure that 'Enable Data Access Authentication Mode' is 'Checked' | G107: Level 1 | H107: Automated | I107: CIS Microsoft Azure Compute Services Benchmark v2.0.0 | J107: None
A108: 107 | B108: Compute | C108: Azure Virtual Machines | D108: Virtual Machines | E108: 20.6 | F108: Ensure that Only Approved Extensions Are Installed | G108: Level 1 | H108: Manual | I108: CIS Microsoft Azure Compute Services Benchmark v2.0.0 | J108: None
A109: 108 | B109: Compute | C109: Azure Virtual Machines | D109: Virtual Machines | E109: 20.7 | F109: Ensure that Endpoint Protection for all Virtual Machines is installed | G109: Level 2 | H109: Manual | I109: CIS Microsoft Azure Compute Services Benchmark v2.0.0 | J109: Related | K109: Foundations v6.0.0 8.1.3.3
A110: 109 | B110: Compute | C110: Azure Virtual Machines | D110: Virtual Machines | E110: 20.8 | F110: [Legacy] Ensure that VHDs are Encrypted | G110: Level 2 | H110: Manual | I110: CIS Microsoft Azure Compute Services Benchmark v2.0.0 | J110: None
A111: 110 | B111: Compute | C111: Azure Virtual Machines | D111: Virtual Machines | E111: 20.9 | F111: Ensure only MFA enabled identities can access privileged Virtual Machine | G111: Level 2 | H111: Manual | I111: CIS Microsoft Azure Compute Services Benchmark v2.0.0 | J111: Duplicate | K111: Foundations v6.0.0 3.1.1
A112: 111 | B112: Compute | C112: Azure Virtual Machines | D112: Virtual Machines | E112: 20.10 | F112: Ensure Trusted Launch is enabled on Virtual Machines | G112: Level 1 | H112: Automated | I112: CIS Microsoft Azure Compute Services Benchmark v2.0.0 | J112: None
A113: 112 | B113: Compute | C113: Azure Virtual Machines | D113: Virtual Machines | E113: 20.11 | F113: Ensure that encryption at host is enabled | G113: Level 1 | H113: Automated | I113: CIS Microsoft Azure Compute Services Benchmark v2.0.0 | J113: None
A114: 113 | B114: Database | C114: Azure Cache for Redis | D114: Azure Cache for Redis (Retiring) | E114: 2.1 | F114: Ensure 'Microsoft Entra Authentication' is 'Enabled' | G114: Level 1 | H114: Manual | I114: CIS Microsoft Azure Database Services Benchmark v2.0.0 | J114: None
A115: 114 | B115: Database | C115: Azure Cache for Redis | D115: Azure Cache for Redis (Retiring) | E115: 2.2 | F115: Ensure that 'Allow access only via SSL' is set to 'Yes' | G115: Level 1 | H115: Automated | I115: CIS Microsoft Azure Database Services Benchmark v2.0.0 | J115: None
A116: 115 | B116: Database | C116: Azure Cache for Redis | D116: Azure Cache for Redis (Retiring) | E116: 2.3 | F116: Ensure that 'Minimum TLS version' is set to TLS v1.2 (or higher) | G116: Level 1 | H116: Manual | I116: CIS Microsoft Azure Database Services Benchmark v2.0.0 | J116: None
A117: 116 | B117: Database | C117: Azure Cache for Redis | D117: Azure Cache for Redis (Retiring) | E117: 2.4 | F117: Ensure that 'Access Policies' are Implemented and Reviewed Periodically | G117: Level 2 | H117: Manual | I117: CIS Microsoft Azure Database Services Benchmark v2.0.0 | J117: None
A118: 117 | B118: Database | C118: Azure Cache for Redis | D118: Azure Cache for Redis (Retiring) | E118: 2.5 | F118: Ensure that 'System Assigned Managed Identity' is set to 'On' | G118: Level 1 | H118: Manual | I118: CIS Microsoft Azure Database Services Benchmark v2.0.0 | J118: None
A119: 118 | B119: Database | C119: Azure Cache for Redis | D119: Azure Cache for Redis (Retiring) | E119: 2.6 | F119: Ensure that 'Public Network Access' is 'Disabled' | G119: Level 2 | H119: Manual | I119: CIS Microsoft Azure Database Services Benchmark v2.0.0 | J119: None
A120: 119 | B120: Database | C120: Azure Cache for Redis | D120: Azure Cache for Redis (Retiring) | E120: 2.7 | F120: Ensure Azure Cache for Redis is Using a Private Link | G120: Level 2 | H120: Manual | I120: CIS Microsoft Azure Database Services Benchmark v2.0.0 | J120: None
A121: 120 | B121: Database | C121: Azure Cache for Redis | D121: Azure Cache for Redis (Retiring) | E121: 2.8 | F121: Ensure that Azure Cache for Redis is Using Customer-Managed Keys | G121: Level 2 | H121: Manual | I121: CIS Microsoft Azure Database Services Benchmark v2.0.0 | J121: None
A122: 121 | B122: Database | C122: Azure Cache for Redis | D122: Azure Cache for Redis (Retiring) | E122: 2.9 | F122: Ensure 'Access Keys Authentication' is set to 'Disabled' | G122: Level 1 | H122: Automated | I122: CIS Microsoft Azure Database Services Benchmark v2.0.0 | J122: None
A123: 122 | B123: Database | C123: Azure Cache for Redis | D123: Azure Cache for Redis (Retiring) | E123: 2.10 | F123: Ensure 'Update Channel' is set to 'Stable' | G123: Level 1 | H123: Automated | I123: CIS Microsoft Azure Database Services Benchmark v2.0.0 | J123: None
... A179: 178 | B179: Management & Governance | C179: Azure Monitor (Logging & Alerting) | D179: Management and Governance Services > Logging and Monitoring > Configuring Diagnostic Settings | E179: 6.1.1.2 | F179: Ensure Diagnostic Setting Captures Appropriate Categories | G179: Level 1 | H179: Automated | I179: CIS Microsoft Azure Foundations Benchmark v6.0.0 | J179: None
A180: 179 | B180: Management & Governance | C180: Azure Monitor (Logging & Alerting) | D180: Management and Governance Services > Logging and Monitoring > Configuring Diagnostic Settings | E180: 6.1.1.3 | F180: Ensure the Storage Account Containing the Container with Activity Logs is Encrypted with Customer-managed Key (CMK) | G180: Level 2 | H180: Manual | I180: CIS Microsoft Azure Foundations Benchmark v6.0.0 | J180: Related | K180: Storage v2.0.0 16.1.8
A181: 180 | B181: Management & Governance | C181: Azure Monitor (Logging & Alerting) | D181: Management and Governance Services > Logging and Monitoring > Configuring Diagnostic Settings | E181: 6.1.1.4 | F181: Ensure that Logging for Azure Key Vault is 'Enabled' | G181: Level 1 | H181: Automated | I181: CIS Microsoft Azure Foundations Benchmark v6.0.0 | J181: None
A182: 181 | B182: Management & Governance | C182: Azure Monitor (Logging & Alerting) | D182: Management and Governance Services > Logging and Monitoring > Configuring Diagnostic Settings | E182: 6.1.1.5 | F182: Ensure that Network Security Group Flow Logs are Captured and Sent to Log Analytics | G182: Level 2 | H182: Manual | I182: CIS Microsoft Azure Foundations Benchmark v6.0.0 | J182: None
A183: 182 | B183: Management & Governance | C183: Azure Monitor (Logging & Alerting) | D183: Management and Governance Services > Logging and Monitoring > Configuring Diagnostic Settings | E183: 6.1.1.6 | F183: Ensure that Virtual Network Flow Logs are Captured and Sent to Log Analytics | G183: Level 2 | H183: Manual | I183: CIS Microsoft Azure Foundations Benchmark v6.0.0 | J183: None
A184: 183 | B184: Management & Governance | C184: Azure Monitor (Logging & Alerting) | D184: Management and Governance Services > Logging and Monitoring > Configuring Diagnostic Settings | E184: 6.1.1.7 | F184: Ensure that a Microsoft Entra Diagnostic Setting Exists to Send Microsoft Graph Activity Logs to an Appropriate Destination | G184: Level 2 | H184: Manual | I184: CIS Microsoft Azure Foundations Benchmark v6.0.0 | J184: None
A185: 184 | B185: Management & Governance | C185: Azure Monitor (Logging & Alerting) | D185: Management and Governance Services > Logging and Monitoring > Configuring Diagnostic Settings | E185: 6.1.1.8 | F185: Ensure that a Microsoft Entra Diagnostic Setting Exists to Send Microsoft Entra Activity Logs to an Appropriate Destination | G185: Level 2 | H185: Manual | I185: CIS Microsoft Azure Foundations Benchmark v6.0.0 | J185: None
A186: 185 | B186: Management & Governance | C186: Azure Monitor (Logging & Alerting) | D186: Management and Governance Services > Logging and Monitoring > Configuring Diagnostic Settings | E186: 6.1.1.9 | F186: Ensure that Intune Logs are Captured and Sent to Log Analytics | G186: Level 2 | H186: Manual | I186: CIS Microsoft Azure Foundations Benchmark v6.0.0 | J186: None
A187: 186 | B187: Management & Governance | C187: Azure Monitor (Logging & Alerting) | D187: Management and Governance Services > Logging and Monitoring > Monitoring Using Activity Log Alerts | E187: 6.1.2.1 | F187: Ensure that Activity Log Alert Exists for Create Policy Assignment | G187: Level 1 | H187: Automated | I187: CIS Microsoft Azure Foundations Benchmark v6.0.0 | J187: None
A188: 187 | B188: Management & Governance | C188: Azure Monitor (Logging & Alerting) | D188: Management and Governance Services > Logging and Monitoring > Monitoring Using Activity Log Alerts | E188: 6.1.2.2 | F188: Ensure that Activity Log Alert exists for Delete Policy Assignment | G188: Level 1 | H188: Automated | I188: CIS Microsoft Azure Foundations Benchmark v6.0.0 | J188: None
A189: 188 | B189: Management & Governance | C189: Azure Monitor (Logging & Alerting) | D189: Management and Governance Services > Logging and Monitoring > Monitoring Using Activity Log Alerts | E189: 6.1.2.3 | F189: Ensure that Activity Log Alert Exists for Create or Update Network Security Group | G189: Level 1 | H189: Automated | I189: CIS Microsoft Azure Foundations Benchmark v6.0.0 | J189: None
A190: 189 | B190: Management & Governance | C190: Azure Monitor (Logging & Alerting) | D190: Management and Governance Services > Logging and Monitoring > Monitoring Using Activity Log Alerts | E190: 6.1.2.4 | F190: Ensure that Activity Log Alert Exists for Delete Network Security Group | G190: Level 1 | H190: Automated | I190: CIS Microsoft Azure Foundations Benchmark v6.0.0 | J190: None
A191: 190 | B191: Management & Governance | C191: Azure Monitor (Logging & Alerting) | D191: Management and Governance Services > Logging and Monitoring > Monitoring Using Activity Log Alerts | E191: 6.1.2.5 | F191: Ensure that Activity Log Alert Exists for Create or Update Security Solution | G191: Level 1 | H191: Automated | I191: CIS Microsoft Azure Foundations Benchmark v6.0.0 | J191: None
A192: 191 | B192: Management & Governance | C192: Azure Monitor (Logging & Alerting) | D192: Management and Governance Services > Logging and Monitoring > Monitoring Using Activity Log Alerts | E192: 6.1.2.6 | F192: Ensure that Activity Log Alert Exists for Delete Security Solution | G192: Level 1 | H192: Automated | I192: CIS Microsoft Azure Foundations Benchmark v6.0.0 | J192: None
... A234: 233 | B234: Security | C234: Microsoft Defender for Cloud | D234: Security Services > Microsoft Defender for Cloud > Defender Plan: Servers | E234: 8.1.3.2 | F234: Ensure that 'Vulnerability assessment for machines' Component Status is set to 'On' | G234: Level 2 | H234: Manual | I234: CIS Microsoft Azure Foundations Benchmark v6.0.0 | J234: None
A235: 234 | B235: Security | C235: Microsoft Defender for Cloud | D235: Security Services > Microsoft Defender for Cloud > Defender Plan: Servers | E235: 8.1.3.3 | F235: Ensure that 'Endpoint protection' Component Status is set to 'On' | G235: Level 2 | H235: Automated | I235: CIS Microsoft Azure Foundations Benchmark v6.0.0 | J235: Related | K235: Compute v2.0.0 20.7
A236: 235 | B236: Security | C236: Microsoft Defender for Cloud | D236: Security Services > Microsoft Defender for Cloud > Defender Plan: Servers | E236: 8.1.3.4 | F236: Ensure that 'Agentless scanning for machines' Component Status is Set to 'On' | G236: Level 2 | H236: Manual | I236: CIS Microsoft Azure Foundations Benchmark v6.0.0 | J236: None
A237: 236 | B237: Security | C237: Microsoft Defender for Cloud | D237: Security Services > Microsoft Defender for Cloud > Defender Plan: Servers | E237: 8.1.3.5 | F237: Ensure that 'File Integrity Monitoring' Component Status is Set to 'On' | G237: Level 2 | H237: Manual | I237: CIS Microsoft Azure Foundations Benchmark v6.0.0 | J237: None
A238: 237 | B238: Security | C238: Microsoft Defender for Cloud | D238: Security Services > Microsoft Defender for Cloud > Defender Plan: Containers | E238: 8.1.4.1 | F238: Ensure That Microsoft Defender for Containers Is Set To 'On' | G238: Level 2 | H238: Automated | I238: CIS Microsoft Azure Foundations Benchmark v6.0.0 | J238: None
A239: 238 | B239: Security | C239: Microsoft Defender for Cloud | D239: Security Services > Microsoft Defender for Cloud > Defender Plan: Storage | E239: 8.1.5.1 | F239: Ensure That Microsoft Defender for Storage Is Set To 'On' | G239: Level 2 | H239: Automated | I239: CIS Microsoft Azure Foundations Benchmark v6.0.0 | J239: None
A240: 239 | B240: Security | C240: Microsoft Defender for Cloud | D240: Security Services > Microsoft Defender for Cloud > Defender Plan: Storage | E240: 8.1.5.2 | F240: Ensure Advanced Threat Protection Alerts for Storage Accounts Are Monitored | G240: Level 2 | H240: Manual | I240: CIS Microsoft Azure Foundations Benchmark v6.0.0 | J240: None
A241: 240 | B241: Security | C241: Microsoft Defender for Cloud | D241: Security Services > Microsoft Defender for Cloud > Defender Plan: App Service | E241: 8.1.6.1 | F241: Ensure That Microsoft Defender for App Services Is Set To 'On' | G241: Level 2 | H241: Automated | I241: CIS Microsoft Azure Foundations Benchmark v6.0.0 | J241: None
A242: 241 | B242: Security | C242: Microsoft Defender for Cloud | D242: Security Services > Microsoft Defender for Cloud > Defender Plan: Databases | E242: 8.1.7.1 | F242: Ensure That Microsoft Defender for Azure Cosmos DB Is Set To 'On' | G242: Level 2 | H242: Automated | I242: CIS Microsoft Azure Foundations Benchmark v6.0.0 | J242: None
A243: 242 | B243: Security | C243: Microsoft Defender for Cloud | D243: Security Services > Microsoft Defender for Cloud > Defender Plan: Databases | E243: 8.1.7.2 | F243: Ensure That Microsoft Defender for Open-Source Relational Databases Is Set To 'On' | G243: Level 2 | H243: Automated | I243: CIS Microsoft Azure Foundations Benchmark v6.0.0 | J243: None
A244: 243 | B244: Security | C244: Microsoft Defender for Cloud | D244: Security Services > Microsoft Defender for Cloud > Defender Plan: Databases | E244: 8.1.7.3 | F244: Ensure That Microsoft Defender for (Managed Instance) Azure SQL Databases Is Set To 'On' | G244: Level 2 | H244: Automated | I244: CIS Microsoft Azure Foundations Benchmark v6.0.0 | J244: None
A245: 244 | B245: Security | C245: Microsoft Defender for Cloud | D245: Security Services > Microsoft Defender for Cloud > Defender Plan: Databases | E245: 8.1.7.4 | F245: Ensure That Microsoft Defender for SQL Servers on Machines Is Set To 'On' | G245: Level 2 | H245: Automated | I245: CIS Microsoft Azure Foundations Benchmark v6.0.0 | J245: None
A246: 245 | B246: Security | C246: Microsoft Defender for Cloud | D246: Security Services > Microsoft Defender for Cloud > Defender Plan: Key Vault | E246: 8.1.8.1 | F246: Ensure That Microsoft Defender for Key Vault Is Set To 'On' | G246: Level 2 | H246: Automated | I246: CIS Microsoft Azure Foundations Benchmark v6.0.0 | J246: None
A247: 246 | B247: Security | C247: Microsoft Defender for Cloud | D247: Security Services > Microsoft Defender for Cloud > Defender Plan: Resource Manager | E247: 8.1.9.1 | F247: Ensure That Microsoft Defender for Resource Manager Is Set To 'On' | G247: Level 2 | H247: Automated | I247: CIS Microsoft Azure Foundations Benchmark v6.0.0 | J247: None
... A269: 268 | B269: Storage | C269: Azure Backup | D269: Azure Backup > Recovery Services Vaults | E269: 3.2.8 | F269: Ensure private endpoints are configured for Recovery Services Vaults | G269: Level 2 | H269: Automated | I269: CIS Microsoft Azure Storage Services Benchmark v2.0.0 | J269: None
A270: 269 | B270: Storage | C270: Azure Blob Storage | D270: Storage Services > Azure Blob Storage | E270: 9.2.1 | F270: Ensure That Soft Delete for Blobs on Azure Blob Storage Storage Accounts is Enabled | G270: Level 1 | H270: Automated | I270: CIS Microsoft Azure Foundations Benchmark v6.0.0 | J270: Duplicate | K270: Storage v2.0.0 10.3
A271: 270 | B271: Storage | C271: Azure Blob Storage | D271: Storage Services > Azure Blob Storage | E271: 9.2.2 | F271: Ensure that Soft Delete for Containers on Azure Blob Storage Storage Accounts is Enabled | G271: Level 1 | H271: Automated | I271: CIS Microsoft Azure Foundations Benchmark v6.0.0 | J271: Near-duplicate | K271: Storage v2.0.0 16.7
A272: 271 | B272: Storage | C272: Azure Blob Storage | D272: Storage Services > Azure Blob Storage | E272: 9.2.3 | F272: Ensure 'Versioning' is Set to 'Enabled' on Azure Blob Storage Storage Accounts | G272: Level 2 | H272: Automated | I272: CIS Microsoft Azure Foundations Benchmark v6.0.0 | J272: Duplicate | K272: Storage v2.0.0 10.5
A273: 272 | B273: Storage | C273: Azure Blob Storage | D273: Azure Blob Storage | E273: 10.1 | F273: Ensure 'Allowed Protocols' for shared access signature (SAS) tokens is set to 'HTTPS Only' | G273: Level 1 | H273: Manual | I273: CIS Microsoft Azure Storage Services Benchmark v2.0.0 | J273: Related (same benchmark, other scope) | K273: SAS tokens HTTPS only: Storage v2.0.0 15.1, Storage v2.0.0 16.1.2
A274: 273 | B274: Storage | C274: Azure Blob Storage | D274: Azure Blob Storage | E274: 10.2 | F274: Ensure that shared access signature (SAS) tokens expire within an hour | G274: Level 2 | H274: Manual | I274: CIS Microsoft Azure Storage Services Benchmark v2.0.0 | J274: Related (same benchmark, other scope) | K274: SAS token expiry <= 1 hour: Storage v2.0.0 15.2, Storage v2.0.0 16.1.6, Storage v2.0.0 17.1
A275: 274 | B275: Storage | C275: Azure Blob Storage | D275: Azure Blob Storage | E275: 10.3 | F275: Ensure that soft delete for blobs on Azure Blob Storage storage accounts is Enabled | G275: Level 1 | H275: Automated | I275: CIS Microsoft Azure Storage Services Benchmark v2.0.0 | J275: Duplicate | K275: Foundations v6.0.0 9.2.1; Blob soft delete: Storage v2.0.0 16.7
A276: 275 | B276: Storage | C276: Azure Blob Storage | D276: Azure Blob Storage | E276: 10.4 | F276: Ensure stored access policies (SAP) are used when generating shared access signature (SAS) tokens | G276: Level 1 | H276: Manual | I276: CIS Microsoft Azure Storage Services Benchmark v2.0.0 | J276: Related (same benchmark, other scope) | K276: Stored access policies for SAS: Storage v2.0.0 15.3, Storage v2.0.0 17.2
A277: 276 | B277: Storage | C277: Azure Blob Storage | D277: Azure Blob Storage | E277: 10.5 | F277: Ensure 'Versioning' is set to 'Enabled' on Azure Blob Storage storage accounts | G277: Level 2 | H277: Automated | I277: CIS Microsoft Azure Storage Services Benchmark v2.0.0 | J277: Duplicate | K277: Foundations v6.0.0 9.2.3
A278: 277 | B278: Storage | C278: Azure Blob Storage | D278: Azure Blob Storage | E278: 10.6 | F278: Ensure locked immutability policies are used for containers storing business-critical blob data | G278: Level 2 | H278: Automated | I278: CIS Microsoft Azure Storage Services Benchmark v2.0.0 | J278: None
A279: 278 | B279: Storage | C279: Azure Data Box | D279: Azure Data Box | E279: 11.1 | F279: Ensure double encryption is used for Azure Data Box in high-security environments | G279: Level 2 | H279: Manual | I279: CIS Microsoft Azure Storage Services Benchmark v2.0.0 | J279: None
A280: 279 | B280: Storage | C280: Azure Elastic SAN | D280: Azure Elastic SAN | E280: 14.1 | F280: Ensure 'Public network access' is set to 'Disabled' on Azure Elastic SAN | G280: Level 2 | H280: Automated | I280: CIS Microsoft Azure Storage Services Benchmark v2.0.0 | J280: None
A281: 280 | B281: Storage | C281: Azure Elastic SAN | D281: Azure Elastic SAN | E281: 14.2 | F281: Ensure customer-managed keys (CMK) are used to encrypt data at rest on Azure Elastic SAN volume groups | G281: Level 2 | H281: Automated | I281: CIS Microsoft Azure Storage Services Benchmark v2.0.0 | J281: None
A282: 281 | B282: Storage | C282: Azure Files | D282: Storage Services > Azure Files | E282: 9.1.1 | F282: Ensure Soft Delete for Azure File Shares is Enabled | G282: Level 1 | H282: Automated | I282: CIS Microsoft Azure Foundations Benchmark v6.0.0 | J282: Duplicate | K282: Storage v2.0.0 7.2.1
A283: 282 | B283: Storage | C283: Azure Files | D283: Storage Services > Azure Files | E283: 9.1.2 | F283: Ensure 'SMB protocol version' is Set to 'SMB 3.1.1' or Higher for SMB file shares | G283: Level 1 | H283: Automated | I283: CIS Microsoft Azure Foundations Benchmark v6.0.0 | J283: Duplicate | K283: Storage v2.0.0 7.2.3
A284: 283 | B284: Storage | C284: Azure Files | D284: Storage Services > Azure Files | E284: 9.1.3 | F284: Ensure 'SMB channel encryption' is Set to 'AES-256-GCM' or Higher for SMB file shares | G284: Level 1 | H284: Automated | I284: CIS Microsoft Azure Foundations Benchmark v6.0.0 | J284: Duplicate | K284: Storage v2.0.0 7.2.2
A285: 284 | B285: Storage | C285: Azure Files | D285: Azure Files > File Shares (Microsoft.FileShares) | E285: 7.1.1 | F285: Ensure root squash for NFS file shares is configured (Microsoft.FileShares) | G285: Level 1 | H285: Automated | I285: CIS Microsoft Azure Storage Services Benchmark v2.0.0 | J285: None
A286: 285 | B286: Storage | C286: Azure Files | D286: Azure Files > File Shares (Microsoft.FileShares) | E286: 7.1.2 | F286: Ensure encryption in transit is required for File Shares (Microsoft.FileShares) | G286: Level 1 | H286: Automated | I286: CIS Microsoft Azure Storage Services Benchmark v2.0.0 | J286: None
A287: 286 | B287: Storage | C287: Azure Files | D287: Azure Files > File Shares (Microsoft.FileShares) | E287: 7.1.3 | F287: Ensure 'Public Endpoint Access' for File Shares is restricted to selected virtual networks (Microsoft.FileShares) | G287: Level 1 | H287: Automated | I287: CIS Microsoft Azure Storage Services Benchmark v2.0.0 | J287: None
A288: 287 | B288: Storage | C288: Azure Files | D288: Azure Files > File Shares (Microsoft.FileShares) | E288: 7.1.4 | F288: Ensure 'Public Endpoint Access' is set to 'Disabled' for File Shares (Microsoft.FileShares) | G288: Level 2 | H288: Automated | I288: CIS Microsoft Azure Storage Services Benchmark v2.0.0 | J288: None
A289: 288 | B289: Storage | C289: Azure Files | D289: Azure Files > File Shares (Microsoft.FileShares) | E289: 7.1.5 | F289: Ensure private endpoints are configured for File Shares (Microsoft.FileShares) | G289: Level 2 | H289: Automated | I289: CIS Microsoft Azure Storage Services Benchmark v2.0.0 | J289: None
A290: 289 | B290: Storage | C290: Azure Files | D290: Azure Files > Classic File Shares (Microsoft.Storage) | E290: 7.2.1 | F290: Ensure soft delete for Azure File Shares is Enabled (Classic File Shares) | G290: Level 1 | H290: Automated | I290: CIS Microsoft Azure Storage Services Benchmark v2.0.0 | J290: Duplicate | K290: Foundations v6.0.0 9.1.1
A291: 290 | B291: Storage | C291: Azure Files | D291: Azure Files > Classic File Shares (Microsoft.Storage) | E291: 7.2.2 | F291: Ensure 'SMB channel encryption' is set to 'AES-256-GCM' or higher for SMB file shares (Classic File Shares) | G291: Level 1 | H291: Automated | I291: CIS Microsoft Azure Storage Services Benchmark v2.0.0 | J291: Duplicate | K291: Foundations v6.0.0 9.1.3
A292: 291 | B292: Storage | C292: Azure Files | D292: Azure Files > Classic File Shares (Microsoft.Storage) | E292: 7.2.3 | F292: Ensure 'SMB protocol version' is set to 'SMB 3.1.1' or higher for SMB file shares (Classic File Shares) | G292: Level 1 | H292: Automated | I292: CIS Microsoft Azure Storage Services Benchmark v2.0.0 | J292: Duplicate | K292: Foundations v6.0.0 9.1.2
A293: 292 | B293: Storage | C293: Azure Files | D293: Azure Files > Classic File Shares (Microsoft.Storage) | E293: 7.2.4 | F293: Ensure root squash for NFS file shares is configured (Classic File Shares) | G293: Level 1 | H293: Automated | I293: CIS Microsoft Azure Storage Services Benchmark v2.0.0 | J293: None
A294: 293 | B294: Storage | C294: Azure Managed Lustre | D294: Azure Managed Lustre | E294: 4.1 | F294: Ensure 'Key encryption key' is set to a customer-managed key for Azure Managed Lustre file systems | G294: Level 2 | H294: Automated | I294: CIS Microsoft Azure Storage Services Benchmark v2.0.0 | J294: None
A295: 294 | B295: Storage | C295: Azure NetApp Files | D295: Azure NetApp Files | E295: 9.1 | F295: Ensure 'Encryption key source' is set to 'Customer Managed Key' for Azure NetApp Files accounts | G295: Level 2 | H295: Automated | I295: CIS Microsoft Azure Storage Services Benchmark v2.0.0 | J295: None
A296: 295 | B296: Storage | C296: Azure Queue Storage | D296: Queue Storage | E296: 15.1 | F296: Ensure 'Allowed Protocols' for shared access signature (SAS) tokens is set to 'HTTPS Only' | G296: Level 1 | H296: Manual | I296: CIS Microsoft Azure Storage Services Benchmark v2.0.0 | J296: Related (same benchmark, other scope) | K296: SAS tokens HTTPS only: Storage v2.0.0 10.1, Storage v2.0.0 16.1.2
A297: 296 | B297: Storage | C297: Azure Queue Storage | D297: Queue Storage | E297: 15.2 | F297: Ensure that shared access signature (SAS) tokens expire within an hour | G297: Level 2 | H297: Manual | I297: CIS Microsoft Azure Storage Services Benchmark v2.0.0 | J297: Related (same benchmark, other scope) | K297: SAS token expiry <= 1 hour: Storage v2.0.0 10.2, Storage v2.0.0 16.1.6, Storage v2.0.0 17.1
A298: 297 | B298: Storage | C298: Azure Queue Storage | D298: Queue Storage | E298: 15.3 | F298: Ensure stored access policies (SAP) are used when generating shared access signature (SAS) tokens | G298: Level 1 | H298: Manual | I298: CIS Microsoft Azure Storage Services Benchmark v2.0.0 | J298: Related (same benchmark, other scope) | K298: Stored access policies for SAS: Storage v2.0.0 10.4, Storage v2.0.0 17.2
A299: 298 | B299: Storage | C299: Azure Storage Accounts | D299: Storage Services > Storage Accounts > Secrets and Keys | E299: 9.3.1.1 | F299: Ensure That 'Enable key rotation reminders' is Enabled for Each Storage Account | G299: Level 1 | H299: Automated | I299: CIS Microsoft Azure Foundations Benchmark v6.0.0 | J299: Duplicate | K299: Storage v2.0.0 16.1.1
A300: 299 | B300: Storage | C300: Azure Storage Accounts | D300: Storage Services > Storage Accounts > Secrets and Keys | E300: 9.3.1.2 | F300: Ensure That Storage Account Access keys are Periodically Regenerated | G300: Level 1 | H300: Automated | I300: CIS Microsoft Azure Foundations Benchmark v6.0.0 | J300: Duplicate | K300: Storage v2.0.0 16.1.3
A301: 300 | B301: Storage | C301: Azure Storage Accounts | D301: Storage Services > Storage Accounts > Secrets and Keys | E301: 9.3.1.3 | F301: Ensure 'Allow storage account key access' for Azure Storage Accounts is 'Disabled' | G301: Level 1 | H301: Automated | I301: CIS Microsoft Azure Foundations Benchmark v6.0.0 | J301: Duplicate | K301: Storage v2.0.0 16.1.7
A302: 301 | B302: Storage | C302: Azure Storage Accounts | D302: Storage Services > Storage Accounts > Networking | E302: 9.3.2.1 | F302: Ensure Private Endpoints are Used to Access Storage Accounts | G302: Level 2 | H302: Automated | I302: CIS Microsoft Azure Foundations Benchmark v6.0.0 | J302: Duplicate | K302: Storage v2.0.0 16.2.1
A303: 302 | B303: Storage | C303: Azure Storage Accounts | D303: Storage Services > Storage Accounts > Networking | E303: 9.3.2.2 | F303: Ensure that 'Public Network Access' is 'Disabled' for Storage Accounts | G303: Level 1 | H303: Automated | I303: CIS Microsoft Azure Foundations Benchmark v6.0.0 | J303: Duplicate | K303: Storage v2.0.0 16.2.2
A304: 303 | B304: Storage | C304: Azure Storage Accounts | D304: Storage Services > Storage Accounts > Networking | E304: 9.3.2.3 | F304: Ensure Default Network Access Rule for Storage Accounts is Set to Deny | G304: Level 1 | H304: Automated | I304: CIS Microsoft Azure Foundations Benchmark v6.0.0 | J304: Duplicate | K304: Storage v2.0.0 16.2.3
...

Sheet Service Summary
A1: Service Category | B1: Azure Service | C1: Total Controls | D1: Level 1 | E1: Level 2 | F1: Automated | G1: Manual | H1: Flagged Overlaps (Dup/Near-dup) | I1: Source Benchmark(s)
A2: Analytics | B2: Azure Databricks | C2: =COUNTIFS('All Controls'!$C$2:$C$340,B2) -> 12 | D2: =COUNTIFS('All Controls'!$C$2:$C$340,B2,'All Controls'!$G$2:$G$340,"Level 1") -> 9 | E2: =COUNTIFS('All Controls'!$C$2:$C$340,B2,'All Controls'!$G$2:$G$340,"Level 2") -> 3 | F2: =COUNTIFS('All Controls'!$C$2:$C$340,B2,'All Controls'!$H$2:$H$340,"Automated") -> 6 | G2: =COUNTIFS('All Controls'!$C$2:$C$340,B2,'All Controls'!$H$2:$H$340,"Manual") -> 6 | H2: =COUNTIFS('All Controls'!$C$2:$C$340,B2,'All Controls'!$J$2:$J$340,"Duplicate")+COUNTIFS('All Controls'!$C$2:$C$340,B2,'All Controls'!$J$2:$J$340,"Near-duplicate") -> 0 | I2: Foundations v6.0.0
A3: Compute | B3: Azure App Service | C3: =COUNTIFS('All Controls'!$C$2:$C$340,B3) -> 44 | D3: =COUNTIFS('All Controls'!$C$2:$C$340,B3,'All Controls'!$G$2:$G$340,"Level 1") -> 31 | E3: =COUNTIFS('All Controls'!$C$2:$C$340,B3,'All Controls'!$G$2:$G$340,"Level 2") -> 13 | F3: =COUNTIFS('All Controls'!$C$2:$C$340,B3,'All Controls'!$H$2:$H$340,"Automated") -> 36 | G3: =COUNTIFS('All Controls'!$C$2:$C$340,B3,'All Controls'!$H$2:$H$340,"Manual") -> 8 | H3: =COUNTIFS('All Controls'!$C$2:$C$340,B3,'All Controls'!$J$2:$J$340,"Duplicate")+COUNTIFS('All Controls'!$C$2:$C$340,B3,'All Controls'!$J$2:$J$340,"Near-duplicate") -> 0 | I3: Compute Services v2.0.0
A4: Compute | B4: Azure Batch | C4: =COUNTIFS('All Controls'!$C$2:$C$340,B4) -> 7 | D4: =COUNTIFS('All Controls'!$C$2:$C$340,B4,'All Controls'!$G$2:$G$340,"Level 1") -> 4 | E4: =COUNTIFS('All Controls'!$C$2:$C$340,B4,'All Controls'!$G$2:$G$340,"Level 2") -> 3 | F4: =COUNTIFS('All Controls'!$C$2:$C$340,B4,'All Controls'!$H$2:$H$340,"Automated") -> 5 | G4: =COUNTIFS('All Controls'!$C$2:$C$340,B4,'All Controls'!$H$2:$H$340,"Manual") -> 2 | H4: =COUNTIFS('All Controls'!$C$2:$C$340,B4,'All Controls'!$J$2:$J$340,"Duplicate")+COUNTIFS('All Controls'!$C$2:$C$340,B4,'All Controls'!$J$2:$J$340,"Near-duplicate") -> 0 | I4: Compute Services v2.0.0
A5: Compute | B5: Azure Container Instances | C5: =COUNTIFS('All Controls'!$C$2:$C$340,B5) -> 3 | D5: =COUNTIFS('All Controls'!$C$2:$C$340,B5,'All Controls'!$G$2:$G$340,"Level 1") -> 3 | E5: =COUNTIFS('All Controls'!$C$2:$C$340,B5,'All Controls'!$G$2:$G$340,"Level 2") -> 0 | F5: =COUNTIFS('All Controls'!$C$2:$C$340,B5,'All Controls'!$H$2:$H$340,"Automated") -> 0 | G5: =COUNTIFS('All Controls'!$C$2:$C$340,B5,'All Controls'!$H$2:$H$340,"Manual") -> 3 | H5: =COUNTIFS('All Controls'!$C$2:$C$340,B5,'All Controls'!$J$2:$J$340,"Duplicate")+COUNTIFS('All Controls'!$C$2:$C$340,B5,'All Controls'!$J$2:$J$340,"Near-duplicate") -> 0 | I5: Compute Services v2.0.0
A6: Compute | B6: Azure CycleCloud | C6: =COUNTIFS('All Controls'!$C$2:$C$340,B6) -> 1 | D6: =COUNTIFS('All Controls'!$C$2:$C$340,B6,'All Controls'!$G$2:$G$340,"Level 1") -> 1 | E6: =COUNTIFS('All Controls'!$C$2:$C$340,B6,'All Controls'!$G$2:$G$340,"Level 2") -> 0 | F6: =COUNTIFS('All Controls'!$C$2:$C$340,B6,'All Controls'!$H$2:$H$340,"Automated") -> 0 | G6: =COUNTIFS('All Controls'!$C$2:$C$340,B6,'All Controls'!$H$2:$H$340,"Manual") -> 1 | H6: =COUNTIFS('All Controls'!$C$2:$C$340,B6,'All Controls'!$J$2:$J$340,"Duplicate")+COUNTIFS('All Controls'!$C$2:$C$340,B6,'All Controls'!$J$2:$J$340,"Near-duplicate") -> 0 | I6: Compute Services v2.0.0
A7: Compute | B7: Azure Functions | C7: =COUNTIFS('All Controls'!$C$2:$C$340,B7) -> 33 | D7: =COUNTIFS('All Controls'!$C$2:$C$340,B7,'All Controls'!$G$2:$G$340,"Level 1") -> 26 | E7: =COUNTIFS('All Controls'!$C$2:$C$340,B7,'All Controls'!$G$2:$G$340,"Level 2") -> 7 | F7: =COUNTIFS('All Controls'!$C$2:$C$340,B7,'All Controls'!$H$2:$H$340,"Automated") -> 29 | G7: =COUNTIFS('All Controls'!$C$2:$C$340,B7,'All Controls'!$H$2:$H$340,"Manual") -> 4 | H7: =COUNTIFS('All Controls'!$C$2:$C$340,B7,'All Controls'!$J$2:$J$340,"Duplicate")+COUNTIFS('All Controls'!$C$2:$C$340,B7,'All Controls'!$J$2:$J$340,"Near-duplicate") -> 0 | I7: Compute Services v2.0.0
A8: Compute | B8: Azure Virtual Machines | C8: =COUNTIFS('All Controls'!$C$2:$C$340,B8) -> 12 | D8: =COUNTIFS('All Controls'!$C$2:$C$340,B8,'All Controls'!$G$2:$G$340,"Level 1") -> 6 | E8: =COUNTIFS('All Controls'!$C$2:$C$340,B8,'All Controls'!$G$2:$G$340,"Level 2") -> 6 | F8: =COUNTIFS('All Controls'!$C$2:$C$340,B8,'All Controls'!$H$2:$H$340,"Automated") -> 7 | G8: =COUNTIFS('All Controls'!$C$2:$C$340,B8,'All Controls'!$H$2:$H$340,"Manual") -> 5 | H8: =COUNTIFS('All Controls'!$C$2:$C$340,B8,'All Controls'!$J$2:$J$340,"Duplicate")+COUNTIFS('All Controls'!$C$2:$C$340,B8,'All Controls'!$J$2:$J$340,"Near-duplicate") -> 2 | I8: Compute Services v2.0.0, Foundations v6.0.0
A9: Database | B9: Azure Cache for Redis | C9: =COUNTIFS('All Controls'!$C$2:$C$340,B9) -> 10 | D9: =COUNTIFS('All Controls'!$C$2:$C$340,B9,'All Controls'!$G$2:$G$340,"Level 1") -> 6 | E9: =COUNTIFS('All Controls'!$C$2:$C$340,B9,'All Controls'!$G$2:$G$340,"Level 2") -> 4 | F9: =COUNTIFS('All Controls'!$C$2:$C$340,B9,'All Controls'!$H$2:$H$340,"Automated") -> 3 | G9: =COUNTIFS('All Controls'!$C$2:$C$340,B9,'All Controls'!$H$2:$H$340,"Manual") -> 7 | H9: =COUNTIFS('All Controls'!$C$2:$C$340,B9,'All Controls'!$J$2:$J$340,"Duplicate")+COUNTIFS('All Controls'!$C$2:$C$340,B9,'All Controls'!$J$2:$J$340,"Near-duplicate") -> 0 | I9: Database Services v2.0.0
A10: Database | B10: Azure Cosmos DB | C10: =COUNTIFS('All Controls'!$C$2:$C$340,B10) -> 7 | D10: =COUNTIFS('All Controls'!$C$2:$C$340,B10,'All Controls'!$G$2:$G$340,"Level 1") -> 3 | E10: =COUNTIFS('All Controls'!$C$2:$C$340,B10,'All Controls'!$G$2:$G$340,"Level 2") -> 4 | F10: =COUNTIFS('All Controls'!$C$2:$C$340,B10,'All Controls'!$H$2:$H$340,"Automated") -> 4 | G10: =COUNTIFS('All Controls'!$C$2:$C$340,B10,'All Controls'!$H$2:$H$340,"Manual") -> 3 | H10: =COUNTIFS('All Controls'!$C$2:$C$340,B10,'All Controls'!$J$2:$J$340,"Duplicate")+COUNTIFS('All Controls'!$C$2:$C$340,B10,'All Controls'!$J$2:$J$340,"Near-duplicate") -> 0 | I10: Database Services v2.0.0
A11: Database | B11: Azure Data Factory | C11: =COUNTIFS('All Controls'!$C$2:$C$340,B11) -> 4 | D11: =COUNTIFS('All Controls'!$C$2:$C$340,B11,'All Controls'!$G$2:$G$340,"Level 1") -> 1 | E11: =COUNTIFS('All Controls'!$C$2:$C$340,B11,'All Controls'!$G$2:$G$340,"Level 2") -> 3 | F11: =COUNTIFS('All Controls'!$C$2:$C$340,B11,'All Controls'!$H$2:$H$340,"Automated") -> 1 | G11: =COUNTIFS('All Controls'!$C$2:$C$340,B11,'All Controls'!$H$2:$H$340,"Manual") -> 3 | H11: =COUNTIFS('All Controls'!$C$2:$C$340,B11,'All Controls'!$J$2:$J$340,"Duplicate")+COUNTIFS('All Controls'!$C$2:$C$340,B11,'All Controls'!$J$2:$J$340,"Near-duplicate") -> 0 | I11: Database Services v2.0.0
A12: Database | B12: Azure Database for MySQL | C12: =COUNTIFS('All Controls'!$C$2:$C$340,B12) -> 9 | D12: =COUNTIFS('All Controls'!$C$2:$C$340,B12,'All Controls'!$G$2:$G$340,"Level 1") -> 3 | E12: =COUNTIFS('All Controls'!$C$2:$C$340,B12,'All Controls'!$G$2:$G$340,"Level 2") -> 6 | F12: =COUNTIFS('All Controls'!$C$2:$C$340,B12,'All Controls'!$H$2:$H$340,"Automated") -> 7 | G12: =COUNTIFS('All Controls'!$C$2:$C$340,B12,'All Controls'!$H$2:$H$340,"Manual") -> 2 | H12: =COUNTIFS('All Controls'!$C$2:$C$340,B12,'All Controls'!$J$2:$J$340,"Duplicate")+COUNTIFS('All Controls'!$C$2:$C$340,B12,'All Controls'!$J$2:$J$340,"Near-duplicate") -> 0 | I12: Database Services v2.0.0
A13: Database | B13: Azure Database for PostgreSQL | C13: =COUNTIFS('All Controls'!$C$2:$C$340,B13) -> 11 | D13: =COUNTIFS('All Controls'!$C$2:$C$340,B13,'All Controls'!$G$2:$G$340,"Level 1") -> 8 | E13: =COUNTIFS('All Controls'!$C$2:$C$340,B13,'All Controls'!$G$2:$G$340,"Level 2") -> 3 | F13: =COUNTIFS('All Controls'!$C$2:$C$340,B13,'All Controls'!$H$2:$H$340,"Automated") -> 9 | G13: =COUNTIFS('All Controls'!$C$2:$C$340,B13,'All Controls'!$H$2:$H$340,"Manual") -> 2 | H13: =COUNTIFS('All Controls'!$C$2:$C$340,B13,'All Controls'!$J$2:$J$340,"Duplicate")+COUNTIFS('All Controls'!$C$2:$C$340,B13,'All Controls'!$J$2:$J$340,"Near-duplicate") -> 0 | I13: Database Services v2.0.0
... A38: Storage | B38: Azure Storage Explorer | C38: =COUNTIFS('All Controls'!$C$2:$C$340,B38) -> 3 | D38: =COUNTIFS('All Controls'!$C$2:$C$340,B38,'All Controls'!$G$2:$G$340,"Level 1") -> 2 | E38: =COUNTIFS('All Controls'!$C$2:$C$340,B38,'All Controls'!$G$2:$G$340,"Level 2") -> 1 | F38: =COUNTIFS('All Controls'!$C$2:$C$340,B38,'All Controls'!$H$2:$H$340,"Automated") -> 0 | G38: =COUNTIFS('All Controls'!$C$2:$C$340,B38,'All Controls'!$H$2:$H$340,"Manual") -> 3 | H38: =COUNTIFS('All Controls'!$C$2:$C$340,B38,'All Controls'!$J$2:$J$340,"Duplicate")+COUNTIFS('All Controls'!$C$2:$C$340,B38,'All Controls'!$J$2:$J$340,"Near-duplicate") -> 0 | I38: Storage Services v2.0.0
A39: Total | C39: =SUM(C2:C38) -> 339 | D39: =SUM(D2:D38) -> 205 | E39: =SUM(E2:E38) -> 134 | F39: =SUM(F2:F38) -> 245 | G39: =SUM(G2:G38) -> 94 | H39: =SUM(H2:H38) -> 42

Sheet Foundations v6.0.0
A1: # | B1: Service Category | C1: Azure Service | D1: Section / Sub-service | E1: CIS ID | F1: Control (CIS Recommendation) | G1: Profile | H1: Assessment | I1: CIS Benchmark (Version) | J1: Overlap Flag | K1: Overlap Reference
A2: 1 | B2: Analytics | C2: Azure Databricks | D2: Analytics Services > Azure Databricks | E2: 2.1.1 | F2: Ensure that Azure Databricks is deployed in a customer-managed virtual network (VNet) | G2: Level 1 | H2: Automated | I2: CIS Microsoft Azure Foundations Benchmark v6.0.0 | J2: None
A3: 2 | B3: Analytics | C3: Azure Databricks | D3: Analytics Services > Azure Databricks | E3: 2.1.2 | F3: Ensure that Network Security Groups are Configured for Databricks Subnets | G3: Level 1 | H3: Automated | I3: CIS Microsoft Azure Foundations Benchmark v6.0.0 | J3: None
A4: 3 | B4: Analytics | C4: Azure Databricks | D4: Analytics Services > Azure Databricks | E4: 2.1.3 | F4: Ensure that Traffic is Encrypted Between Cluster Worker Nodes | G4: Level 2 | H4: Manual | I4: CIS Microsoft Azure Foundations Benchmark v6.0.0 | J4: None
A5: 4 | B5: Analytics | C5: Azure Databricks | D5: Analytics Services > Azure Databricks | E5: 2.1.4 | F5: Ensure that Users and Groups are Synced from Microsoft Entra ID to Azure Databricks | G5: Level 1 | H5: Manual | I5: CIS Microsoft Azure Foundations Benchmark v6.0.0 | J5: None
A6: 5 | B6: Analytics | C6: Azure Databricks | D6: Analytics Services > Azure Databricks | E6: 2.1.5 | F6: Ensure that Unity Catalog is Configured for Azure Databricks | G6: Level 1 | H6: Manual | I6: CIS Microsoft Azure Foundations Benchmark v6.0.0 | J6: None
A7: 6 | B7: Analytics | C7: Azure Databricks | D7: Analytics Services > Azure Databricks | E7: 2.1.6 | F7: Ensure that Usage is Restricted and Expiry is Enforced for Databricks Personal Access Tokens | G7: Level 1 | H7: Manual | I7: CIS Microsoft Azure Foundations Benchmark v6.0.0 | J7: None
A8: 7 | B8: Analytics | C8: Azure Databricks | D8: Analytics Services > Azure Databricks | E8: 2.1.7 | F8: Ensure that Diagnostic Log Delivery is Configured for Azure Databricks | G8: Level 1 | H8: Automated | I8: CIS Microsoft Azure Foundations Benchmark v6.0.0 | J8: None
A9: 8 | B9: Analytics | C9: Azure Databricks | D9: Analytics Services > Azure Databricks | E9: 2.1.8 | F9: Ensure Critical Data in Azure Databricks is Encrypted with Customer-managed Keys (CMK) | G9: Level 2 | H9: Manual | I9: CIS Microsoft Azure Foundations Benchmark v6.0.0 | J9: None
A10: 9 | B10: Analytics | C10: Azure Databricks | D10: Analytics Services > Azure Databricks | E10: 2.1.9 | F10: Ensure 'No Public IP' is Set to 'Enabled' | G10: Level 1 | H10: Automated | I10: CIS Microsoft Azure Foundations Benchmark v6.0.0 | J10: None
A11: 10 | B11: Analytics | C11: Azure Databricks | D11: Analytics Services > Azure Databricks | E11: 2.1.10 | F11: Ensure 'Allow Public Network Access' is set to 'Disabled' | G11: Level 1 | H11: Automated | I11: CIS Microsoft Azure Foundations Benchmark v6.0.0 | J11: None
A12: 11 | B12: Analytics | C12: Azure Databricks | D12: Analytics Services > Azure Databricks | E12: 2.1.11 | F12: Ensure Private Endpoints are used to access Azure Databricks workspaces | G12: Level 2 | H12: Automated | I12: CIS Microsoft Azure Foundations Benchmark v6.0.0 | J12: None
A13: 12 | B13: Analytics | C13: Azure Databricks | D13: Analytics Services > Azure Databricks | E13: 2.1.12 | F13: Ensure Azure Databricks groups are reviewed periodically | G13: Level 1 | H13: Manual | I13: CIS Microsoft Azure Foundations Benchmark v6.0.0 | J13: None
A14: 13 | B14: Compute | C14: Azure Virtual Machines | D14: Compute Services > Virtual Machines | E14: 3.1.1 | F14: Ensure only MFA Enabled Identities can Access Privileged Virtual Machine | G14: Level 2 | H14: Manual | I14: CIS Microsoft Azure Foundations Benchmark v6.0.0 | J14: Duplicate | K14: Compute v2.0.0 20.9
A15: 14 | B15: Identity | C15: Microsoft Entra ID / Azure RBAC | D15: Identity Services > Security Defaults (Per-User MFA) | E15: 5.1.1 | F15: Ensure that 'security defaults' is Enabled in Microsoft Entra ID | G15: Level 1 | H15: Automated | I15: CIS Microsoft Azure Foundations Benchmark v6.0.0 | J15: None
A16: 15 | B16: Identity | C16: Microsoft Entra ID / Azure RBAC | D16: Identity Services > Security Defaults (Per-User MFA) | E16: 5.1.2 | F16: Ensure that 'Require Multifactor Authentication to register or join devices with Microsoft Entra' is set to 'Yes' | G16: Level 1 | H16: Manual | I16: CIS Microsoft Azure Foundations Benchmark v6.0.0 | J16: None
A17: 16 | B17: Identity | C17: Microsoft Entra ID / Azure RBAC | D17: Identity Services > Security Defaults (Per-User MFA) | E17: 5.1.3 | F17: Ensure that 'multifactor authentication' is 'enabled' For All Users | G17: Level 1 | H17: Automated | I17: CIS Microsoft Azure Foundations Benchmark v6.0.0 | J17: None
A18: 17 | B18: Identity | C18: Microsoft Entra ID / Azure RBAC | D18: Identity Services > Security Defaults (Per-User MFA) | E18: 5.1.4 | F18: Ensure that 'Allow users to remember multifactor authentication on devices they trust' is Disabled | G18: Level 1 | H18: Manual | I18: CIS Microsoft Azure Foundations Benchmark v6.0.0 | J18: None
A19: 18 | B19: Identity | C19: Microsoft Entra ID / Azure RBAC | D19: Identity Services > Periodic Identity Reviews | E19: 5.3.1 | F19: Ensure that Azure Admin Accounts Are Not Used for Daily Operations | G19: Level 1 | H19: Manual | I19: CIS Microsoft Azure Foundations Benchmark v6.0.0 | J19: None
A20: 19 | B20: Identity | C20: Microsoft Entra ID / Azure RBAC | D20: Identity Services > Periodic Identity Reviews | E20: 5.3.2 | F20: Ensure that Guest Users are Reviewed on a Regular Basis | G20: Level 1 | H20: Manual | I20: CIS Microsoft Azure Foundations Benchmark v6.0.0 | J20: None
A21: 20 | B21: Identity | C21: Microsoft Entra ID / Azure RBAC | D21: Identity Services > Periodic Identity Reviews | E21: 5.3.3 | F21: Ensure That Use of the 'User Access Administrator' Role is Restricted | G21: Level 1 | H21: Automated | I21: CIS Microsoft Azure Foundations Benchmark v6.0.0 | J21: None
A22: 21 | B22: Identity | C22: Microsoft Entra ID / Azure RBAC | D22: Identity Services > Periodic Identity Reviews | E22: 5.3.4 | F22: Ensure that All 'Privileged' Role Assignments are Periodically Reviewed | G22: Level 1 | H22: Manual | I22: CIS Microsoft Azure Foundations Benchmark v6.0.0 | J22: None
A23: 22 | B23: Identity | C23: Microsoft Entra ID / Azure RBAC | D23: Identity Services > Periodic Identity Reviews | E23: 5.3.5 | F23: Ensure Disabled User Accounts do not Have Read, Write, or Owner Permissions | G23: Level 1 | H23: Manual | I23: CIS Microsoft Azure Foundations Benchmark v6.0.0 | J23: None
A24: 23 | B24: Identity | C24: Microsoft Entra ID / Azure RBAC | D24: Identity Services > Periodic Identity Reviews | E24: 5.3.6 | F24: Ensure 'Tenant Creator' Role Assignments are Periodically Reviewed | G24: Level 1 | H24: Manual | I24: CIS Microsoft Azure Foundations Benchmark v6.0.0 | J24: None
A25: 24 | B25: Identity | C25: Microsoft Entra ID / Azure RBAC | D25: Identity Services > Periodic Identity Reviews | E25: 5.3.7 | F25: Ensure All Non-privileged Role Assignments are Periodically Reviewed | G25: Level 1 | H25: Manual | I25: CIS Microsoft Azure Foundations Benchmark v6.0.0 | J25: None
A26: 25 | B26: Identity | C26: Microsoft Entra ID / Azure RBAC | D26: Identity Services | E26: 5.4 | F26: Ensure that No Custom Subscription Administrator Roles Exist | G26: Level 1 | H26: Automated | I26: CIS Microsoft Azure Foundations Benchmark v6.0.0 | J26: None
... A31: 30 | B31: Management & Governance | C31: Azure Monitor (Logging & Alerting) | D31: Management and Governance Services > Logging and Monitoring > Configuring Diagnostic Settings | E31: 6.1.1.2 | F31: Ensure Diagnostic Setting Captures Appropriate Categories | G31: Level 1 | H31: Automated | I31: CIS Microsoft Azure Foundations Benchmark v6.0.0 | J31: None
A32: 31 | B32: Management & Governance | C32: Azure Monitor (Logging & Alerting) | D32: Management and Governance Services > Logging and Monitoring > Configuring Diagnostic Settings | E32: 6.1.1.3 | F32: Ensure the Storage Account Containing the Container with Activity Logs is Encrypted with Customer-managed Key (CMK) | G32: Level 2 | H32: Manual | I32: CIS Microsoft Azure Foundations Benchmark v6.0.0 | J32: Related | K32: Storage v2.0.0 16.1.8
A33: 32 | B33: Management & Governance | C33: Azure Monitor (Logging & Alerting) | D33: Management and Governance Services > Logging and Monitoring > Configuring Diagnostic Settings | E33: 6.1.1.4 | F33: Ensure that Logging for Azure Key Vault is 'Enabled' | G33: Level 1 | H33: Automated | I33: CIS Microsoft Azure Foundations Benchmark v6.0.0 | J33: None
A34: 33 | B34: Management & Governance | C34: Azure Monitor (Logging & Alerting) | D34: Management and Governance Services > Logging and Monitoring > Configuring Diagnostic Settings | E34: 6.1.1.5 | F34: Ensure that Network Security Group Flow Logs are Captured and Sent to Log Analytics | G34: Level 2 | H34: Manual | I34: CIS Microsoft Azure Foundations Benchmark v6.0.0 | J34: None
A35: 34 | B35: Management & Governance | C35: Azure Monitor (Logging & Alerting) | D35: Management and Governance Services > Logging and Monitoring > Configuring Diagnostic Settings | E35: 6.1.1.6 | F35: Ensure that Virtual Network Flow Logs are Captured and Sent to Log Analytics | G35: Level 2 | H35: Manual | I35: CIS Microsoft Azure Foundations Benchmark v6.0.0 | J35: None
A36: 35 | B36: Management & Governance | C36: Azure Monitor (Logging & Alerting) | D36: Management and Governance Services > Logging and Monitoring > Configuring Diagnostic Settings | E36: 6.1.1.7 | F36: Ensure that a Microsoft Entra Diagnostic Setting Exists to Send Microsoft Graph Activity Logs to an Appropriate Destination | G36: Level 2 | H36: Manual | I36: CIS Microsoft Azure Foundations Benchmark v6.0.0 | J36: None
A37: 36 | B37: Management & Governance | C37: Azure Monitor (Logging & Alerting) | D37: Management and Governance Services > Logging and Monitoring > Configuring Diagnostic Settings | E37: 6.1.1.8 | F37: Ensure that a Microsoft Entra Diagnostic Setting Exists to Send Microsoft Entra Activity Logs to an Appropriate Destination | G37: Level 2 | H37: Manual | I37: CIS Microsoft Azure Foundations Benchmark v6.0.0 | J37: None
A38: 37 | B38: Management & Governance | C38: Azure Monitor (Logging & Alerting) | D38: Management and Governance Services > Logging and Monitoring > Configuring Diagnostic Settings | E38: 6.1.1.9 | F38: Ensure that Intune Logs are Captured and Sent to Log Analytics | G38: Level 2 | H38: Manual | I38: CIS Microsoft Azure Foundations Benchmark v6.0.0 | J38: None
A39: 38 | B39: Management & Governance | C39: Azure Monitor (Logging & Alerting) | D39: Management and Governance Services > Logging and Monitoring > Monitoring Using Activity Log Alerts | E39: 6.1.2.1 | F39: Ensure that Activity Log Alert Exists for Create Policy Assignment | G39: Level 1 | H39: Automated | I39: CIS Microsoft Azure Foundations Benchmark v6.0.0 | J39: None
A40: 39 | B40: Management & Governance | C40: Azure Monitor (Logging & Alerting) | D40: Management and Governance Services > Logging and Monitoring > Monitoring Using Activity Log Alerts | E40: 6.1.2.2 | F40: Ensure that Activity Log Alert exists for Delete Policy Assignment | G40: Level 1 | H40: Automated | I40: CIS Microsoft Azure Foundations Benchmark v6.0.0 | J40: None
A41: 40 | B41: Management & Governance | C41: Azure Monitor (Logging & Alerting) | D41: Management and Governance Services > Logging and Monitoring > Monitoring Using Activity Log Alerts | E41: 6.1.2.3 | F41: Ensure that Activity Log Alert Exists for Create or Update Network Security Group | G41: Level 1 | H41: Automated | I41: CIS Microsoft Azure Foundations Benchmark v6.0.0 | J41: None
A42: 41 | B42: Management & Governance | C42: Azure Monitor (Logging & Alerting) | D42: Management and Governance Services > Logging and Monitoring > Monitoring Using Activity Log Alerts | E42: 6.1.2.4 | F42: Ensure that Activity Log Alert Exists for Delete Network Security Group | G42: Level 1 | H42: Automated | I42: CIS Microsoft Azure Foundations Benchmark v6.0.0 | J42: None
A43: 42 | B43: Management & Governance | C43: Azure Monitor (Logging & Alerting) | D43: Management and Governance Services > Logging and Monitoring > Monitoring Using Activity Log Alerts | E43: 6.1.2.5 | F43: Ensure that Activity Log Alert Exists for Create or Update Security Solution | G43: Level 1 | H43: Automated | I43: CIS Microsoft Azure Foundations Benchmark v6.0.0 | J43: None
A44: 43 | B44: Management & Governance | C44: Azure Monitor (Logging & Alerting) | D44: Management and Governance Services > Logging and Monitoring > Monitoring Using Activity Log Alerts | E44: 6.1.2.6 | F44: Ensure that Activity Log Alert Exists for Delete Security Solution | G44: Level 1 | H44: Automated | I44: CIS Microsoft Azure Foundations Benchmark v6.0.0 | J44: None
... A73: 72 | B73: Security | C73: Microsoft Defender for Cloud | D73: Security Services > Microsoft Defender for Cloud > Defender Plan: Servers | E73: 8.1.3.2 | F73: Ensure that 'Vulnerability assessment for machines' Component Status is set to 'On' | G73: Level 2 | H73: Manual | I73: CIS Microsoft Azure Foundations Benchmark v6.0.0 | J73: None
A74: 73 | B74: Security | C74: Microsoft Defender for Cloud | D74: Security Services > Microsoft Defender for Cloud > Defender Plan: Servers | E74: 8.1.3.3 | F74: Ensure that 'Endpoint protection' Component Status is set to 'On' | G74: Level 2 | H74: Automated | I74: CIS Microsoft Azure Foundations Benchmark v6.0.0 | J74: Related | K74: Compute v2.0.0 20.7
A75: 74 | B75: Security | C75: Microsoft Defender for Cloud | D75: Security Services > Microsoft Defender for Cloud > Defender Plan: Servers | E75: 8.1.3.4 | F75: Ensure that 'Agentless scanning for machines' Component Status is Set to 'On' | G75: Level 2 | H75: Manual | I75: CIS Microsoft Azure Foundations Benchmark v6.0.0 | J75: None
A76: 75 | B76: Security | C76: Microsoft Defender for Cloud | D76: Security Services > Microsoft Defender for Cloud > Defender Plan: Servers | E76: 8.1.3.5 | F76: Ensure that 'File Integrity Monitoring' Component Status is Set to 'On' | G76: Level 2 | H76: Manual | I76: CIS Microsoft Azure Foundations Benchmark v6.0.0 | J76: None
A77: 76 | B77: Security | C77: Microsoft Defender for Cloud | D77: Security Services > Microsoft Defender for Cloud > Defender Plan: Containers | E77: 8.1.4.1 | F77: Ensure That Microsoft Defender for Containers Is Set To 'On' | G77: Level 2 | H77: Automated | I77: CIS Microsoft Azure Foundations Benchmark v6.0.0 | J77: None
A78: 77 | B78: Security | C78: Microsoft Defender for Cloud | D78: Security Services > Microsoft Defender for Cloud > Defender Plan: Storage | E78: 8.1.5.1 | F78: Ensure That Microsoft Defender for Storage Is Set To 'On' | G78: Level 2 | H78: Automated | I78: CIS Microsoft Azure Foundations Benchmark v6.0.0 | J78: None
A79: 78 | B79: Security | C79: Microsoft Defender for Cloud | D79: Security Services > Microsoft Defender for Cloud > Defender Plan: Storage | E79: 8.1.5.2 | F79: Ensure Advanced Threat Protection Alerts for Storage Accounts Are Monitored | G79: Level 2 | H79: Manual | I79: CIS Microsoft Azure Foundations Benchmark v6.0.0 | J79: None
A80: 79 | B80: Security | C80: Microsoft Defender for Cloud | D80: Security Services > Microsoft Defender for Cloud > Defender Plan: App Service | E80: 8.1.6.1 | F80: Ensure That Microsoft Defender for App Services Is Set To 'On' | G80: Level 2 | H80: Automated | I80: CIS Microsoft Azure Foundations Benchmark v6.0.0 | J80: None
A81: 80 | B81: Security | C81: Microsoft Defender for Cloud | D81: Security Services > Microsoft Defender for Cloud > Defender Plan: Databases | E81: 8.1.7.1 | F81: Ensure That Microsoft Defender for Azure Cosmos DB Is Set To 'On' | G81: Level 2 | H81: Automated | I81: CIS Microsoft Azure Foundations Benchmark v6.0.0 | J81: None
A82: 81 | B82: Security | C82: Microsoft Defender for Cloud | D82: Security Services > Microsoft Defender for Cloud > Defender Plan: Databases | E82: 8.1.7.2 | F82: Ensure That Microsoft Defender for Open-Source Relational Databases Is Set To 'On' | G82: Level 2 | H82: Automated | I82: CIS Microsoft Azure Foundations Benchmark v6.0.0 | J82: None
A83: 82 | B83: Security | C83: Microsoft Defender for Cloud | D83: Security Services > Microsoft Defender for Cloud > Defender Plan: Databases | E83: 8.1.7.3 | F83: Ensure That Microsoft Defender for (Managed Instance) Azure SQL Databases Is Set To 'On' | G83: Level 2 | H83: Automated | I83: CIS Microsoft Azure Foundations Benchmark v6.0.0 | J83: None
A84: 83 | B84: Security | C84: Microsoft Defender for Cloud | D84: Security Services > Microsoft Defender for Cloud > Defender Plan: Databases | E84: 8.1.7.4 | F84: Ensure That Microsoft Defender for SQL Servers on Machines Is Set To 'On' | G84: Level 2 | H84: Automated | I84: CIS Microsoft Azure Foundations Benchmark v6.0.0 | J84: None
A85: 84 | B85: Security | C85: Microsoft Defender for Cloud | D85: Security Services > Microsoft Defender for Cloud > Defender Plan: Key Vault | E85: 8.1.8.1 | F85: Ensure That Microsoft Defender for Key Vault Is Set To 'On' | G85: Level 2 | H85: Automated | I85: CIS Microsoft Azure Foundations Benchmark v6.0.0 | J85: None
A86: 85 | B86: Security | C86: Microsoft Defender for Cloud | D86: Security Services > Microsoft Defender for Cloud > Defender Plan: Resource Manager | E86: 8.1.9.1 | F86: Ensure That Microsoft Defender for Resource Manager Is Set To 'On' | G86: Level 2 | H86: Automated | I86: CIS Microsoft Azure Foundations Benchmark v6.0.0 | J86: None
... A107: 106 | B107: Networking | C107: Azure DDoS Protection | D107: Security Services | E107: 8.5 | F107: Ensure Azure DDoS Network Protection is Enabled on Virtual Networks | G107: Level 2 | H107: Automated | I107: CIS Microsoft Azure Foundations Benchmark v6.0.0 | J107: None
A108: 107 | B108: Storage | C108: Azure Files | D108: Storage Services > Azure Files | E108: 9.1.1 | F108: Ensure Soft Delete for Azure File Shares is Enabled | G108: Level 1 | H108: Automated | I108: CIS Microsoft Azure Foundations Benchmark v6.0.0 | J108: Duplicate | K108: Storage v2.0.0 7.2.1
A109: 108 | B109: Storage | C109: Azure Files | D109: Storage Services > Azure Files | E109: 9.1.2 | F109: Ensure 'SMB protocol version' is Set to 'SMB 3.1.1' or Higher for SMB file shares | G109: Level 1 | H109: Automated | I109: CIS Microsoft Azure Foundations Benchmark v6.0.0 | J109: Duplicate | K109: Storage v2.0.0 7.2.3
A110: 109 | B110: Storage | C110: Azure Files | D110: Storage Services > Azure Files | E110: 9.1.3 | F110: Ensure 'SMB channel encryption' is Set to 'AES-256-GCM' or Higher for SMB file shares | G110: Level 1 | H110: Automated | I110: CIS Microsoft Azure Foundations Benchmark v6.0.0 | J110: Duplicate | K110: Storage v2.0.0 7.2.2
A111: 110 | B111: Storage | C111: Azure Blob Storage | D111: Storage Services > Azure Blob Storage | E111: 9.2.1 | F111: Ensure That Soft Delete for Blobs on Azure Blob Storage Storage Accounts is Enabled | G111: Level 1 | H111: Automated | I111: CIS Microsoft Azure Foundations Benchmark v6.0.0 | J111: Duplicate | K111: Storage v2.0.0 10.3
A112: 111 | B112: Storage | C112: Azure Blob Storage | D112: Storage Services > Azure Blob Storage | E112: 9.2.2 | F112: Ensure that Soft Delete for Containers on Azure Blob Storage Storage Accounts is Enabled | G112: Level 1 | H112: Automated | I112: CIS Microsoft Azure Foundations Benchmark v6.0.0 | J112: Near-duplicate | K112: Storage v2.0.0 16.7
A113: 112 | B113: Storage | C113: Azure Blob Storage | D113: Storage Services > Azure Blob Storage | E113: 9.2.3 | F113: Ensure 'Versioning' is Set to 'Enabled' on Azure Blob Storage Storage Accounts | G113: Level 2 | H113: Automated | I113: CIS Microsoft Azure Foundations Benchmark v6.0.0 | J113: Duplicate | K113: Storage v2.0.0 10.5
A114: 113 | B114: Storage | C114: Azure Storage Accounts | D114: Storage Services > Storage Accounts > Secrets and Keys | E114: 9.3.1.1 | F114: Ensure That 'Enable key rotation reminders' is Enabled for Each Storage Account | G114: Level 1 | H114: Automated | I114: CIS Microsoft Azure Foundations Benchmark v6.0.0 | J114: Duplicate | K114: Storage v2.0.0 16.1.1
A115: 114 | B115: Storage | C115: Azure Storage Accounts | D115: Storage Services > Storage Accounts > Secrets and Keys | E115: 9.3.1.2 | F115: Ensure That Storage Account Access keys are Periodically Regenerated | G115: Level 1 | H115: Automated | I115: CIS Microsoft Azure Foundations Benchmark v6.0.0 | J115: Duplicate | K115: Storage v2.0.0 16.1.3
A116: 115 | B116: Storage | C116: Azure Storage Accounts | D116: Storage Services > Storage Accounts > Secrets and Keys | E116: 9.3.1.3 | F116: Ensure 'Allow storage account key access' for Azure Storage Accounts is 'Disabled' | G116: Level 1 | H116: Automated | I116: CIS Microsoft Azure Foundations Benchmark v6.0.0 | J116: Duplicate | K116: Storage v2.0.0 16.1.7
A117: 116 | B117: Storage | C117: Azure Storage Accounts | D117: Storage Services > Storage Accounts > Networking | E117: 9.3.2.1 | F117: Ensure Private Endpoints are Used to Access Storage Accounts | G117: Level 2 | H117: Automated | I117: CIS Microsoft Azure Foundations Benchmark v6.0.0 | J117: Duplicate | K117: Storage v2.0.0 16.2.1
A118: 117 | B118: Storage | C118: Azure Storage Accounts | D118: Storage Services > Storage Accounts > Networking | E118: 9.3.2.2 | F118: Ensure that 'Public Network Access' is 'Disabled' for Storage Accounts | G118: Level 1 | H118: Automated | I118: CIS Microsoft Azure Foundations Benchmark v6.0.0 | J118: Duplicate | K118: Storage v2.0.0 16.2.2
A119: 118 | B119: Storage | C119: Azure Storage Accounts | D119: Storage Services > Storage Accounts > Networking | E119: 9.3.2.3 | F119: Ensure Default Network Access Rule for Storage Accounts is Set to Deny | G119: Level 1 | H119: Automated | I119: CIS Microsoft Azure Foundations Benchmark v6.0.0 | J119: Duplicate | K119: Storage v2.0.0 16.2.3
A120: 119 | B120: Storage | C120: Azure Storage Accounts | D120: Storage Services > Storage Accounts > Identity and Access Management | E120: 9.3.3.1 | F120: Ensure that 'Default to Microsoft Entra authorization in the Azure portal' is Set to 'Enabled' | G120: Level 1 | H120: Automated | I120: CIS Microsoft Azure Foundations Benchmark v6.0.0 | J120: None
A121: 120 | B121: Storage | C121: Azure Storage Accounts | D121: Storage Services > Storage Accounts | E121: 9.3.4 | F121: Ensure that 'Secure transfer required' is Set to 'Enabled' | G121: Level 1 | H121: Automated | I121: CIS Microsoft Azure Foundations Benchmark v6.0.0 | J121: Duplicate | K121: Storage v2.0.0 16.4
A122: 121 | B122: Storage | C122: Azure Storage Accounts | D122: Storage Services > Storage Accounts | E122: 9.3.5 | F122: Ensure 'Allow trusted Microsoft services to access this resource' is Enabled for Storage Account Access | G122: Level 2 | H122: Automated | I122: CIS Microsoft Azure Foundations Benchmark v6.0.0 | J122: Near-duplicate | K122: Storage v2.0.0 16.6
A123: 122 | B123: Storage | C123: Azure Storage Accounts | D123: Storage Services > Storage Accounts | E123: 9.3.6 | F123: Ensure the 'Minimum TLS version' for Storage Accounts is Set to 'Version 1.2' | G123: Level 1 | H123: Automated | I123: CIS Microsoft Azure Foundations Benchmark v6.0.0 | J123: Duplicate | K123: Storage v2.0.0 16.11
A124: 123 | B124: Storage | C124: Azure Storage Accounts | D124: Storage Services > Storage Accounts | E124: 9.3.7 | F124: Ensure 'Cross Tenant Replication' is Not Enabled | G124: Level 1 | H124: Automated | I124: CIS Microsoft Azure Foundations Benchmark v6.0.0 | J124: Duplicate | K124: Storage v2.0.0 16.12
A125: 124 | B125: Storage | C125: Azure Storage Accounts | D125: Storage Services > Storage Accounts | E125: 9.3.8 | F125: Ensure that 'Allow Blob Anonymous Access' is Set to 'Disabled' | G125: Level 1 | H125: Automated | I125: CIS Microsoft Azure Foundations Benchmark v6.0.0 | J125: Duplicate | K125: Storage v2.0.0 16.13
A126: 125 | B126: Storage | C126: Azure Storage Accounts | D126: Storage Services > Storage Accounts | E126: 9.3.9 | F126: Ensure Azure Resource Manager Delete Locks are Applied to Azure Storage Accounts | G126: Level 1 | H126: Manual | I126: CIS Microsoft Azure Foundations Benchmark v6.0.0 | J126: Duplicate | K126: Storage v2.0.0 16.14
A127: 126 | B127: Storage | C127: Azure Storage Accounts | D127: Storage Services > Storage Accounts | E127: 9.3.10 | F127: Ensure Azure Resource Manager ReadOnly Locks are Considered for Azure Storage Accounts | G127: Level 2 | H127: Manual | I127: CIS Microsoft Azure Foundations Benchmark v6.0.0 | J127: Duplicate | K127: Storage v2.0.0 16.15
A128: 127 | B128: Storage | C128: Azure Storage Accounts | D128: Storage Services > Storage Accounts | E128: 9.3.11 | F128: Ensure Redundancy is Set to 'geo-redundant storage (GRS)' on Critical Azure Storage Accounts | G128: Level 2 | H128: Automated | I128: CIS Microsoft Azure Foundations Benchmark v6.0.0 | J128: Near-duplicate | K128: Storage v2.0.0 16.16

Sheet Compute v2.0.0
A1: # | B1: Service Category | C1: Azure Service | D1: Section / Sub-service | E1: CIS ID | F1: Control (CIS Recommendation) | G1: Profile | H1: Assessment | I1: CIS Benchmark (Version) | J1: Overlap Flag | K1: Overlap Reference
A2: 1 | B2: Compute | C2: Azure App Service | D2: App Service > App Service Apps | E2: 2.1.1 | F2: Ensure 'Java version' is currently supported (if in use) | G2: Level 1 | H2: Manual | I2: CIS Microsoft Azure Compute Services Benchmark v2.0.0 | J2: None
A3: 2 | B3: Compute | C3: Azure App Service | D3: App Service > App Service Apps | E3: 2.1.2 | F3: Ensure 'Python version' is currently supported (if in use) | G3: Level 1 | H3: Manual | I3: CIS Microsoft Azure Compute Services Benchmark v2.0.0 | J3: None
A4: 3 | B4: Compute | C4: Azure App Service | D4: App Service > App Service Apps | E4: 2.1.3 | F4: Ensure 'PHP version' is currently supported (if in use) | G4: Level 1 | H4: Manual | I4: CIS Microsoft Azure Compute Services Benchmark v2.0.0 | J4: None
A5: 4 | B5: Compute | C5: Azure App Service | D5: App Service > App Service Apps | E5: 2.1.4 | F5: Ensure 'Basic Authentication Publishing Credentials' are 'Disabled' | G5: Level 1 | H5: Automated | I5: CIS Microsoft Azure Compute Services Benchmark v2.0.0 | J5: None
A6: 5 | B6: Compute | C6: Azure App Service | D6: App Service > App Service Apps | E6: 2.1.5 | F6: Ensure 'FTP State' is set to 'FTPS only' or 'Disabled' | G6: Level 1 | H6: Automated | I6: CIS Microsoft Azure Compute Services Benchmark v2.0.0 | J6: None
A7: 6 | B7: Compute | C7: Azure App Service | D7: App Service > App Service Apps | E7: 2.1.6 | F7: Ensure 'HTTP version' is set to '2.0' (if in use) | G7: Level 1 | H7: Automated | I7: CIS Microsoft Azure Compute Services Benchmark v2.0.0 | J7: None
A8: 7 | B8: Compute | C8: Azure App Service | D8: App Service > App Service Apps | E8: 2.1.7 | F8: Ensure 'HTTPS Only' is set to 'On' | G8: Level 1 | H8: Automated | I8: CIS Microsoft Azure Compute Services Benchmark v2.0.0 | J8: None
A9: 8 | B9: Compute | C9: Azure App Service | D9: App Service > App Service Apps | E9: 2.1.8 | F9: Ensure 'Minimum Inbound TLS Version' is set to '1.2' or higher | G9: Level 1 | H9: Automated | I9: CIS Microsoft Azure Compute Services Benchmark v2.0.0 | J9: None
A10: 9 | B10: Compute | C10: Azure App Service | D10: App Service > App Service Apps | E10: 2.1.9 | F10: Ensure end-to-end TLS encryption is enabled | G10: Level 1 | H10: Automated | I10: CIS Microsoft Azure Compute Services Benchmark v2.0.0 | J10: None
A11: 10 | B11: Compute | C11: Azure App Service | D11: App Service > App Service Apps | E11: 2.1.10 | F11: Ensure 'Remote debugging' is set to 'Off' | G11: Level 1 | H11: Automated | I11: CIS Microsoft Azure Compute Services Benchmark v2.0.0 | J11: None
A12: 11 | B12: Compute | C12: Azure App Service | D12: App Service > App Service Apps | E12: 2.1.11 | F12: Ensure incoming client certificates are enabled and required (if in use) | G12: Level 2 | H12: Automated | I12: CIS Microsoft Azure Compute Services Benchmark v2.0.0 | J12: None
A13: 12 | B13: Compute | C13: Azure App Service | D13: App Service > App Service Apps | E13: 2.1.12 | F13: Ensure 'App Service authentication' is set to 'Enabled' | G13: Level 2 | H13: Automated | I13: CIS Microsoft Azure Compute Services Benchmark v2.0.0 | J13: None
... A95: 94 | B95: Compute | C95: Azure Virtual Machines | D95: Virtual Machines | E95: 20.6 | F95: Ensure that Only Approved Extensions Are Installed | G95: Level 1 | H95: Manual | I95: CIS Microsoft Azure Compute Services Benchmark v2.0.0 | J95: None
A96: 95 | B96: Compute | C96: Azure Virtual Machines | D96: Virtual Machines | E96: 20.7 | F96: Ensure that Endpoint Protection for all Virtual Machines is installed | G96: Level 2 | H96: Manual | I96: CIS Microsoft Azure Compute Services Benchmark v2.0.0 | J96: Related | K96: Foundations v6.0.0 8.1.3.3
A97: 96 | B97: Compute | C97: Azure Virtual Machines | D97: Virtual Machines | E97: 20.8 | F97: [Legacy] Ensure that VHDs are Encrypted | G97: Level 2 | H97: Manual | I97: CIS Microsoft Azure Compute Services Benchmark v2.0.0 | J97: None
A98: 97 | B98: Compute | C98: Azure Virtual Machines | D98: Virtual Machines | E98: 20.9 | F98: Ensure only MFA enabled identities can access privileged Virtual Machine | G98: Level 2 | H98: Manual | I98: CIS Microsoft Azure Compute Services Benchmark v2.0.0 | J98: Duplicate | K98: Foundations v6.0.0 3.1.1
A99: 98 | B99: Compute | C99: Azure Virtual Machines | D99: Virtual Machines | E99: 20.10 | F99: Ensure Trusted Launch is enabled on Virtual Machines | G99: Level 1 | H99: Automated | I99: CIS Microsoft Azure Compute Services Benchmark v2.0.0 | J99: None
A100: 99 | B100: Compute | C100: Azure Virtual Machines | D100: Virtual Machines | E100: 20.11 | F100: Ensure that encryption at host is enabled | G100: Level 1 | H100: Automated | I100: CIS Microsoft Azure Compute Services Benchmark v2.0.0 | J100: None

Sheet Database v2.0.0
A1: # | B1: Service Category | C1: Azure Service | D1: Section / Sub-service | E1: CIS ID | F1: Control (CIS Recommendation) | G1: Profile | H1: Assessment | I1: CIS Benchmark (Version) | J1: Overlap Flag | K1: Overlap Reference
A2: 1 | B2: Database | C2: Azure Cache for Redis | D2: Azure Cache for Redis (Retiring) | E2: 2.1 | F2: Ensure 'Microsoft Entra Authentication' is 'Enabled' | G2: Level 1 | H2: Manual | I2: CIS Microsoft Azure Database Services Benchmark v2.0.0 | J2: None
A3: 2 | B3: Database | C3: Azure Cache for Redis | D3: Azure Cache for Redis (Retiring) | E3: 2.2 | F3: Ensure that 'Allow access only via SSL' is set to 'Yes' | G3: Level 1 | H3: Automated | I3: CIS Microsoft Azure Database Services Benchmark v2.0.0 | J3: None
A4: 3 | B4: Database | C4: Azure Cache for Redis | D4: Azure Cache for Redis (Retiring) | E4: 2.3 | F4: Ensure that 'Minimum TLS version' is set to TLS v1.2 (or higher) | G4: Level 1 | H4: Manual | I4: CIS Microsoft Azure Database Services Benchmark v2.0.0 | J4: None
A5: 4 | B5: Database | C5: Azure Cache for Redis | D5: Azure Cache for Redis (Retiring) | E5: 2.4 | F5: Ensure that 'Access Policies' are Implemented and Reviewed Periodically | G5: Level 2 | H5: Manual | I5: CIS Microsoft Azure Database Services Benchmark v2.0.0 | J5: None
A6: 5 | B6: Database | C6: Azure Cache for Redis | D6: Azure Cache for Redis (Retiring) | E6: 2.5 | F6: Ensure that 'System Assigned Managed Identity' is set to 'On' | G6: Level 1 | H6: Manual | I6: CIS Microsoft Azure Database Services Benchmark v2.0.0 | J6: None
A7: 6 | B7: Database | C7: Azure Cache for Redis | D7: Azure Cache for Redis (Retiring) | E7: 2.6 | F7: Ensure that 'Public Network Access' is 'Disabled' | G7: Level 2 | H7: Manual | I7: CIS Microsoft Azure Database Services Benchmark v2.0.0 | J7: None
A8: 7 | B8: Database | C8: Azure Cache for Redis | D8: Azure Cache for Redis (Retiring) | E8: 2.7 | F8: Ensure Azure Cache for Redis is Using a Private Link | G8: Level 2 | H8: Manual | I8: CIS Microsoft Azure Database Services Benchmark v2.0.0 | J8: None
A9: 8 | B9: Database | C9: Azure Cache for Redis | D9: Azure Cache for Redis (Retiring) | E9: 2.8 | F9: Ensure that Azure Cache for Redis is Using Customer-Managed Keys | G9: Level 2 | H9: Manual | I9: CIS Microsoft Azure Database Services Benchmark v2.0.0 | J9: None
A10: 9 | B10: Database | C10: Azure Cache for Redis | D10: Azure Cache for Redis (Retiring) | E10: 2.9 | F10: Ensure 'Access Keys Authentication' is set to 'Disabled' | G10: Level 1 | H10: Automated | I10: CIS Microsoft Azure Database Services Benchmark v2.0.0 | J10: None
A11: 10 | B11: Database | C11: Azure Cache for Redis | D11: Azure Cache for Redis (Retiring) | E11: 2.10 | F11: Ensure 'Update Channel' is set to 'Stable' | G11: Level 1 | H11: Automated | I11: CIS Microsoft Azure Database Services Benchmark v2.0.0 | J11: None
A12: 11 | B12: Database | C12: Azure Cosmos DB | D12: Azure Cosmos DB | E12: 3.1 | F12: Ensure That 'Firewalls & Networks' Is Limited to Use Selected Networks Instead of All Networks | G12: Level 2 | H12: Automated | I12: CIS Microsoft Azure Database Services Benchmark v2.0.0 | J12: None
A13: 12 | B13: Database | C13: Azure Cosmos DB | D13: Azure Cosmos DB | E13: 3.2 | F13: Ensure that Cosmos DB uses Private Endpoints where possible | G13: Level 2 | H13: Automated | I13: CIS Microsoft Azure Database Services Benchmark v2.0.0 | J13: None
... A50: 49 | B50: Database | C50: Azure SQL Database | D50: Azure SQL Database | E50: 9.8 | F50: Ensure 'Minimum TLS Version' is set to 'TLS 1.2' or higher | G50: Level 1 | H50: Automated | I50: CIS Microsoft Azure Database Services Benchmark v2.0.0 | J50: None

Sheet Storage v2.0.0
A1: # | B1: Service Category | C1: Azure Service | D1: Section / Sub-service | E1: CIS ID | F1: Control (CIS Recommendation) | G1: Profile | H1: Assessment | I1: CIS Benchmark (Version) | J1: Overlap Flag | K1: Overlap Reference
A2: 1 | B2: Storage | C2: Azure Backup | D2: Azure Backup > Backup Vaults | E2: 3.1.1 | F2: Ensure soft delete on Backup vaults is Enabled | G2: Level 1 | H2: Automated | I2: CIS Microsoft Azure Storage Services Benchmark v2.0.0 | J2: None
A3: 2 | B3: Storage | C3: Azure Backup | D3: Azure Backup > Backup Vaults | E3: 3.1.2 | F3: Ensure immutability for Backup vaults is Enabled | G3: Level 1 | H3: Automated | I3: CIS Microsoft Azure Storage Services Benchmark v2.0.0 | J3: None
A4: 3 | B4: Storage | C4: Azure Backup | D4: Azure Backup > Backup Vaults | E4: 3.1.3 | F4: Ensure backup data in Backup vaults is encrypted using customer-managed keys (CMK) | G4: Level 2 | H4: Automated | I4: CIS Microsoft Azure Storage Services Benchmark v2.0.0 | J4: None
A5: 4 | B5: Storage | C5: Azure Backup | D5: Azure Backup > Backup Vaults | E5: 3.1.4 | F5: Ensure 'Use infrastructure encryption for this vault' is enabled on Backup vaults | G5: Level 2 | H5: Automated | I5: CIS Microsoft Azure Storage Services Benchmark v2.0.0 | J5: None
A6: 5 | B6: Storage | C6: Azure Backup | D6: Azure Backup > Backup Vaults | E6: 3.1.5 | F6: Ensure 'Cross Region Restore' is set to 'Enabled' on Backup vaults | G6: Level 2 | H6: Automated | I6: CIS Microsoft Azure Storage Services Benchmark v2.0.0 | J6: None
A7: 6 | B7: Storage | C7: Azure Backup | D7: Azure Backup > Backup Vaults | E7: 3.1.6 | F7: Ensure 'Cross Subscription Restore' is set to 'Disabled' or 'Permanently Disabled' on Backup vaults | G7: Level 1 | H7: Automated | I7: CIS Microsoft Azure Storage Services Benchmark v2.0.0 | J7: None
A8: 7 | B8: Storage | C8: Azure Backup | D8: Azure Backup > Recovery Services Vaults | E8: 3.2.1 | F8: Ensure soft delete on Recovery Services vaults is Enabled | G8: Level 1 | H8: Automated | I8: CIS Microsoft Azure Storage Services Benchmark v2.0.0 | J8: None
A9: 8 | B9: Storage | C9: Azure Backup | D9: Azure Backup > Recovery Services Vaults | E9: 3.2.2 | F9: Ensure immutability for Recovery Services vaults is Enabled | G9: Level 1 | H9: Automated | I9: CIS Microsoft Azure Storage Services Benchmark v2.0.0 | J9: None
A10: 9 | B10: Storage | C10: Azure Backup | D10: Azure Backup > Recovery Services Vaults | E10: 3.2.3 | F10: Ensure backup data in Recovery Services vaults is encrypted using customer-managed keys (CMK) | G10: Level 2 | H10: Automated | I10: CIS Microsoft Azure Storage Services Benchmark v2.0.0 | J10: None
A11: 10 | B11: Storage | C11: Azure Backup | D11: Azure Backup > Recovery Services Vaults | E11: 3.2.4 | F11: Ensure 'Use infrastructure encryption for this vault' is enabled on Recovery Services vaults | G11: Level 2 | H11: Automated | I11: CIS Microsoft Azure Storage Services Benchmark v2.0.0 | J11: None
A12: 11 | B12: Storage | C12: Azure Backup | D12: Azure Backup > Recovery Services Vaults | E12: 3.2.5 | F12: Ensure public network access on Recovery Services vaults is Disabled | G12: Level 1 | H12: Automated | I12: CIS Microsoft Azure Storage Services Benchmark v2.0.0 | J12: None
A13: 12 | B13: Storage | C13: Azure Backup | D13: Azure Backup > Recovery Services Vaults | E13: 3.2.6 | F13: Ensure 'Cross Region Restore' is set to 'Enabled' on Recovery Services vaults | G13: Level 2 | H13: Automated | I13: CIS Microsoft Azure Storage Services Benchmark v2.0.0 | J13: None
... A21: 20 | B21: Storage | C21: Azure Files | D21: Azure Files > File Shares (Microsoft.FileShares) | E21: 7.1.5 | F21: Ensure private endpoints are configured for File Shares (Microsoft.FileShares) | G21: Level 2 | H21: Automated | I21: CIS Microsoft Azure Storage Services Benchmark v2.0.0 | J21: None
A22: 21 | B22: Storage | C22: Azure Files | D22: Azure Files > Classic File Shares (Microsoft.Storage) | E22: 7.2.1 | F22: Ensure soft delete for Azure File Shares is Enabled (Classic File Shares) | G22: Level 1 | H22: Automated | I22: CIS Microsoft Azure Storage Services Benchmark v2.0.0 | J22: Duplicate | K22: Foundations v6.0.0 9.1.1
A23: 22 | B23: Storage | C23: Azure Files | D23: Azure Files > Classic File Shares (Microsoft.Storage) | E23: 7.2.2 | F23: Ensure 'SMB channel encryption' is set to 'AES-256-GCM' or higher for SMB file shares (Classic File Shares) | G23: Level 1 | H23: Automated | I23: CIS Microsoft Azure Storage Services Benchmark v2.0.0 | J23: Duplicate | K23: Foundations v6.0.0 9.1.3
A24: 23 | B24: Storage | C24: Azure Files | D24: Azure Files > Classic File Shares (Microsoft.Storage) | E24: 7.2.3 | F24: Ensure 'SMB protocol version' is set to 'SMB 3.1.1' or higher for SMB file shares (Classic File Shares) | G24: Level 1 | H24: Automated | I24: CIS Microsoft Azure Storage Services Benchmark v2.0.0 | J24: Duplicate | K24: Foundations v6.0.0 9.1.2
A25: 24 | B25: Storage | C25: Azure Files | D25: Azure Files > Classic File Shares (Microsoft.Storage) | E25: 7.2.4 | F25: Ensure root squash for NFS file shares is configured (Classic File Shares) | G25: Level 1 | H25: Automated | I25: CIS Microsoft Azure Storage Services Benchmark v2.0.0 | J25: None
A26: 25 | B26: Storage | C26: Azure NetApp Files | D26: Azure NetApp Files | E26: 9.1 | F26: Ensure 'Encryption key source' is set to 'Customer Managed Key' for Azure NetApp Files accounts | G26: Level 2 | H26: Automated | I26: CIS Microsoft Azure Storage Services Benchmark v2.0.0 | J26: None
A27: 26 | B27: Storage | C27: Azure Blob Storage | D27: Azure Blob Storage | E27: 10.1 | F27: Ensure 'Allowed Protocols' for shared access signature (SAS) tokens is set to 'HTTPS Only' | G27: Level 1 | H27: Manual | I27: CIS Microsoft Azure Storage Services Benchmark v2.0.0 | J27: Related (same benchmark, other scope) | K27: SAS tokens HTTPS only: Storage v2.0.0 15.1, Storage v2.0.0 16.1.2
A28: 27 | B28: Storage | C28: Azure Blob Storage | D28: Azure Blob Storage | E28: 10.2 | F28: Ensure that shared access signature (SAS) tokens expire within an hour | G28: Level 2 | H28: Manual | I28: CIS Microsoft Azure Storage Services Benchmark v2.0.0 | J28: Related (same benchmark, other scope) | K28: SAS token expiry <= 1 hour: Storage v2.0.0 15.2, Storage v2.0.0 16.1.6, Storage v2.0.0 17.1
A29: 28 | B29: Storage | C29: Azure Blob Storage | D29: Azure Blob Storage | E29: 10.3 | F29: Ensure that soft delete for blobs on Azure Blob Storage storage accounts is Enabled | G29: Level 1 | H29: Automated | I29: CIS Microsoft Azure Storage Services Benchmark v2.0.0 | J29: Duplicate | K29: Foundations v6.0.0 9.2.1; Blob soft delete: Storage v2.0.0 16.7
A30: 29 | B30: Storage | C30: Azure Blob Storage | D30: Azure Blob Storage | E30: 10.4 | F30: Ensure stored access policies (SAP) are used when generating shared access signature (SAS) tokens | G30: Level 1 | H30: Manual | I30: CIS Microsoft Azure Storage Services Benchmark v2.0.0 | J30: Related (same benchmark, other scope) | K30: Stored access policies for SAS: Storage v2.0.0 15.3, Storage v2.0.0 17.2
A31: 30 | B31: Storage | C31: Azure Blob Storage | D31: Azure Blob Storage | E31: 10.5 | F31: Ensure 'Versioning' is set to 'Enabled' on Azure Blob Storage storage accounts | G31: Level 2 | H31: Automated | I31: CIS Microsoft Azure Storage Services Benchmark v2.0.0 | J31: Duplicate | K31: Foundations v6.0.0 9.2.3
A32: 31 | B32: Storage | C32: Azure Blob Storage | D32: Azure Blob Storage | E32: 10.6 | F32: Ensure locked immutability policies are used for containers storing business-critical blob data | G32: Level 2 | H32: Automated | I32: CIS Microsoft Azure Storage Services Benchmark v2.0.0 | J32: None
A33: 32 | B33: Storage | C33: Azure Data Box | D33: Azure Data Box | E33: 11.1 | F33: Ensure double encryption is used for Azure Data Box in high-security environments | G33: Level 2 | H33: Manual | I33: CIS Microsoft Azure Storage Services Benchmark v2.0.0 | J33: None
A34: 33 | B34: Storage | C34: Azure Elastic SAN | D34: Azure Elastic SAN | E34: 14.1 | F34: Ensure 'Public network access' is set to 'Disabled' on Azure Elastic SAN | G34: Level 2 | H34: Automated | I34: CIS Microsoft Azure Storage Services Benchmark v2.0.0 | J34: None
A35: 34 | B35: Storage | C35: Azure Elastic SAN | D35: Azure Elastic SAN | E35: 14.2 | F35: Ensure customer-managed keys (CMK) are used to encrypt data at rest on Azure Elastic SAN volume groups | G35: Level 2 | H35: Automated | I35: CIS Microsoft Azure Storage Services Benchmark v2.0.0 | J35: None
A36: 35 | B36: Storage | C36: Azure Queue Storage | D36: Queue Storage | E36: 15.1 | F36: Ensure 'Allowed Protocols' for shared access signature (SAS) tokens is set to 'HTTPS Only' | G36: Level 1 | H36: Manual | I36: CIS Microsoft Azure Storage Services Benchmark v2.0.0 | J36: Related (same benchmark, other scope) | K36: SAS tokens HTTPS only: Storage v2.0.0 10.1, Storage v2.0.0 16.1.2
A37: 36 | B37: Storage | C37: Azure Queue Storage | D37: Queue Storage | E37: 15.2 | F37: Ensure that shared access signature (SAS) tokens expire within an hour | G37: Level 2 | H37: Manual | I37: CIS Microsoft Azure Storage Services Benchmark v2.0.0 | J37: Related (same benchmark, other scope) | K37: SAS token expiry <= 1 hour: Storage v2.0.0 10.2, Storage v2.0.0 16.1.6, Storage v2.0.0 17.1
A38: 37 | B38: Storage | C38: Azure Queue Storage | D38: Queue Storage | E38: 15.3 | F38: Ensure stored access policies (SAP) are used when generating shared access signature (SAS) tokens | G38: Level 1 | H38: Manual | I38: CIS Microsoft Azure Storage Services Benchmark v2.0.0 | J38: Related (same benchmark, other scope) | K38: Stored access policies for SAS: Storage v2.0.0 10.4, Storage v2.0.0 17.2
A39: 38 | B39: Storage | C39: Azure Storage Accounts | D39: Storage Accounts > Secrets and Keys | E39: 16.1.1 | F39: Ensure that 'Enable key rotation reminders' is enabled for each Storage Account | G39: Level 1 | H39: Manual | I39: CIS Microsoft Azure Storage Services Benchmark v2.0.0 | J39: Duplicate | K39: Foundations v6.0.0 9.3.1.1
A40: 39 | B40: Storage | C40: Azure Storage Accounts | D40: Storage Accounts > Secrets and Keys | E40: 16.1.2 | F40: Ensure 'Allowed Protocols' for shared access signature (SAS) tokens is set to 'HTTPS Only' | G40: Level 1 | H40: Manual | I40: CIS Microsoft Azure Storage Services Benchmark v2.0.0 | J40: Related (same benchmark, other scope) | K40: SAS tokens HTTPS only: Storage v2.0.0 10.1, Storage v2.0.0 15.1
A41: 40 | B41: Storage | C41: Azure Storage Accounts | D41: Storage Accounts > Secrets and Keys | E41: 16.1.3 | F41: Ensure that Storage Account Access Keys are Periodically Regenerated | G41: Level 1 | H41: Manual | I41: CIS Microsoft Azure Storage Services Benchmark v2.0.0 | J41: Duplicate | K41: Foundations v6.0.0 9.3.1.2
A42: 41 | B42: Storage | C42: Azure Storage Accounts | D42: Storage Accounts > Secrets and Keys | E42: 16.1.4 | F42: Ensure that a shared access signature (SAS) expiration policy is configured | G42: Level 1 | H42: Automated | I42: CIS Microsoft Azure Storage Services Benchmark v2.0.0 | J42: None
A43: 42 | B43: Storage | C43: Azure Storage Accounts | D43: Storage Accounts > Secrets and Keys | E43: 16.1.5 | F43: Ensure the shared access signature (SAS) expiration policy action is set to 'Block' | G43: Level 2 | H43: Automated | I43: CIS Microsoft Azure Storage Services Benchmark v2.0.0 | J43: None
A44: 43 | B44: Storage | C44: Azure Storage Accounts | D44: Storage Accounts > Secrets and Keys | E44: 16.1.6 | F44: Ensure that shared access signature (SAS) tokens expire within an hour | G44: Level 2 | H44: Manual | I44: CIS Microsoft Azure Storage Services Benchmark v2.0.0 | J44: Related (same benchmark, other scope) | K44: SAS token expiry <= 1 hour: Storage v2.0.0 10.2, Storage v2.0.0 15.2, Storage v2.0.0 17.1
A45: 44 | B45: Storage | C45: Azure Storage Accounts | D45: Storage Accounts > Secrets and Keys | E45: 16.1.7 | F45: Ensure 'Allow storage account key access' for Azure Storage Accounts is 'Disabled' | G45: Level 1 | H45: Automated | I45: CIS Microsoft Azure Storage Services Benchmark v2.0.0 | J45: Duplicate | K45: Foundations v6.0.0 9.3.1.3
A46: 45 | B46: Storage | C46: Azure Storage Accounts | D46: Storage Accounts > Secrets and Keys | E46: 16.1.8 | F46: Ensure Storage for Critical Data are Encrypted with Customer Managed Keys (CMK) | G46: Level 2 | H46: Manual | I46: CIS Microsoft Azure Storage Services Benchmark v2.0.0 | J46: Related | K46: Foundations v6.0.0 6.1.1.3
A47: 46 | B47: Storage | C47: Azure Storage Accounts | D47: Storage Accounts > Networking | E47: 16.2.1 | F47: Ensure Private Endpoints are used to access Storage Accounts | G47: Level 2 | H47: Automated | I47: CIS Microsoft Azure Storage Services Benchmark v2.0.0 | J47: Duplicate | K47: Foundations v6.0.0 9.3.2.1
A48: 47 | B48: Storage | C48: Azure Storage Accounts | D48: Storage Accounts > Networking | E48: 16.2.2 | F48: Ensure that 'Public Network Access' is 'Disabled' for storage accounts | G48: Level 2 | H48: Automated | I48: CIS Microsoft Azure Storage Services Benchmark v2.0.0 | J48: Duplicate | K48: Foundations v6.0.0 9.3.2.2
A49: 48 | B49: Storage | C49: Azure Storage Accounts | D49: Storage Accounts > Networking | E49: 16.2.3 | F49: Ensure Default Network Access Rule for Storage Accounts is Set to Deny | G49: Level 1 | H49: Automated | I49: CIS Microsoft Azure Storage Services Benchmark v2.0.0 | J49: Duplicate | K49: Foundations v6.0.0 9.3.2.3
A50: 49 | B50: Storage | C50: Azure Storage Accounts | D50: Storage Accounts | E50: 16.4 | F50: Ensure that 'Secure transfer required' is set to 'Enabled' | G50: Level 1 | H50: Automated | I50: CIS Microsoft Azure Storage Services Benchmark v2.0.0 | J50: Duplicate | K50: Foundations v6.0.0 9.3.4
A51: 50 | B51: Storage | C51: Azure Storage Accounts | D51: Storage Accounts | E51: 16.5 | F51: Ensure that 'Enable Infrastructure Encryption' for Each Storage Account in Azure Storage is Set to 'Enabled' | G51: Level 2 | H51: Automated | I51: CIS Microsoft Azure Storage Services Benchmark v2.0.0 | J51: None
A52: 51 | B52: Storage | C52: Azure Storage Accounts | D52: Storage Accounts | E52: 16.6 | F52: Ensure 'Allow Azure services on the trusted services list to access this storage account' is Enabled for Storage Account Access | G52: Level 2 | H52: Automated | I52: CIS Microsoft Azure Storage Services Benchmark v2.0.0 | J52: Near-duplicate | K52: Foundations v6.0.0 9.3.5
A53: 52 | B53: Storage | C53: Azure Storage Accounts | D53: Storage Accounts | E53: 16.7 | F53: Ensure Soft Delete is Enabled for Azure Containers and Blob Storage | G53: Level 1 | H53: Automated | I53: CIS Microsoft Azure Storage Services Benchmark v2.0.0 | J53: Near-duplicate | K53: Foundations v6.0.0 9.2.2; Blob soft delete: Storage v2.0.0 10.3
A54: 53 | B54: Storage | C54: Azure Storage Accounts | D54: Storage Accounts | E54: 16.8 | F54: Ensure storage logging is Enabled for Queue Service for 'Read', 'Write', and 'Delete' requests | G54: Level 2 | H54: Automated | I54: CIS Microsoft Azure Storage Services Benchmark v2.0.0 | J54: None
A55: 54 | B55: Storage | C55: Azure Storage Accounts | D55: Storage Accounts | E55: 16.9 | F55: Ensure storage logging is Enabled for Blob Service for 'Read', 'Write', and 'Delete' requests | G55: Level 2 | H55: Automated | I55: CIS Microsoft Azure Storage Services Benchmark v2.0.0 | J55: None
A56: 55 | B56: Storage | C56: Azure Storage Accounts | D56: Storage Accounts | E56: 16.10 | F56: Ensure storage logging is Enabled for Table Service for 'Read', 'Write', and 'Delete' Requests | G56: Level 2 | H56: Automated | I56: CIS Microsoft Azure Storage Services Benchmark v2.0.0 | J56: None
A57: 56 | B57: Storage | C57: Azure Storage Accounts | D57: Storage Accounts | E57: 16.11 | F57: Ensure the 'Minimum TLS version' for storage accounts is set to 'Version 1.2' | G57: Level 1 | H57: Automated | I57: CIS Microsoft Azure Storage Services Benchmark v2.0.0 | J57: Duplicate | K57: Foundations v6.0.0 9.3.6
A58: 57 | B58: Storage | C58: Azure Storage Accounts | D58: Storage Accounts | E58: 16.12 | F58: Ensure 'Cross Tenant Replication' is not enabled | G58: Level 1 | H58: Automated | I58: CIS Microsoft Azure Storage Services Benchmark v2.0.0 | J58: Duplicate | K58: Foundations v6.0.0 9.3.7
A59: 58 | B59: Storage | C59: Azure Storage Accounts | D59: Storage Accounts | E59: 16.13 | F59: Ensure that 'Allow Blob Anonymous Access' is set to 'Disabled' | G59: Level 1 | H59: Automated | I59: CIS Microsoft Azure Storage Services Benchmark v2.0.0 | J59: Duplicate | K59: Foundations v6.0.0 9.3.8
A60: 59 | B60: Storage | C60: Azure Storage Accounts | D60: Storage Accounts | E60: 16.14 | F60: Ensure Azure Resource Manager Delete locks are applied to Azure Storage Accounts | G60: Level 1 | H60: Manual | I60: CIS Microsoft Azure Storage Services Benchmark v2.0.0 | J60: Duplicate | K60: Foundations v6.0.0 9.3.9
A61: 60 | B61: Storage | C61: Azure Storage Accounts | D61: Storage Accounts | E61: 16.15 | F61: Ensure Azure Resource Manager ReadOnly locks are considered for Azure Storage Accounts | G61: Level 2 | H61: Manual | I61: CIS Microsoft Azure Storage Services Benchmark v2.0.0 | J61: Duplicate | K61: Foundations v6.0.0 9.3.10
A62: 61 | B62: Storage | C62: Azure Storage Accounts | D62: Storage Accounts | E62: 16.16 | F62: Ensure Redundancy is set to a geo-redundant option on critical Azure Storage Accounts | G62: Level 2 | H62: Automated | I62: CIS Microsoft Azure Storage Services Benchmark v2.0.0 | J62: Near-duplicate | K62: Foundations v6.0.0 9.3.11
A63: 62 | B63: Storage | C63: Azure Storage Explorer | D63: Storage Explorer | E63: 17.1 | F63: Ensure that shared access signature (SAS) tokens expire within an hour | G63: Level 2 | H63: Manual | I63: CIS Microsoft Azure Storage Services Benchmark v2.0.0 | J63: Related (same benchmark, other scope) | K63: SAS token expiry <= 1 hour: Storage v2.0.0 10.2, Storage v2.0.0 15.2, Storage v2.0.0 16.1.6
A64: 63 | B64: Storage | C64: Azure Storage Explorer | D64: Storage Explorer | E64: 17.2 | F64: Ensure stored access policies (SAP) are used when generating shared access signature (SAS) tokens | G64: Level 1 | H64: Manual | I64: CIS Microsoft Azure Storage Services Benchmark v2.0.0 | J64: Related (same benchmark, other scope) | K64: Stored access policies for SAS: Storage v2.0.0 10.4, Storage v2.0.0 15.3
A65: 64 | B65: Storage | C65: Azure Storage Explorer | D65: Storage Explorer | E65: 17.3 | F65: Ensure Storage Explorer is using the latest version | G65: Level 1 | H65: Manual | I65: CIS Microsoft Azure Storage Services Benchmark v2.0.0 | J65: None

Sheet Overlaps
A1: Overlap Type | B1: Foundations v6.0.0 ID | C1: Foundations Control | D1: Service Benchmark | E1: Service Benchmark ID | F1: Service Benchmark Control | G1: Recommendation
A2: Duplicate | B2: 3.1.1 | C2: Ensure only MFA Enabled Identities can Access Privileged Virtual Machine | D2: Compute v2.0.0 | E2: 20.9 | F2: Ensure only MFA enabled identities can access privileged Virtual Machine | G2: Implement once; map evidence to both IDs
A3: Duplicate | B3: 9.1.1 | C3: Ensure Soft Delete for Azure File Shares is Enabled | D3: Storage v2.0.0 | E3: 7.2.1 | F3: Ensure soft delete for Azure File Shares is Enabled (Classic File Shares) | G3: Implement once; map evidence to both IDs
A4: Duplicate | B4: 9.1.2 | C4: Ensure 'SMB protocol version' is Set to 'SMB 3.1.1' or Higher for SMB file shares | D4: Storage v2.0.0 | E4: 7.2.3 | F4: Ensure 'SMB protocol version' is set to 'SMB 3.1.1' or higher for SMB file shares (Classic File Shares) | G4: Implement once; map evidence to both IDs
A5: Duplicate | B5: 9.1.3 | C5: Ensure 'SMB channel encryption' is Set to 'AES-256-GCM' or Higher for SMB file shares | D5: Storage v2.0.0 | E5: 7.2.2 | F5: Ensure 'SMB channel encryption' is set to 'AES-256-GCM' or higher for SMB file shares (Classic File Shares) | G5: Implement once; map evidence to both IDs
A6: Duplicate | B6: 9.2.1 | C6: Ensure That Soft Delete for Blobs on Azure Blob Storage Storage Accounts is Enabled | D6: Storage v2.0.0 | E6: 10.3 | F6: Ensure that soft delete for blobs on Azure Blob Storage storage accounts is Enabled | G6: Implement once; map evidence to both IDs
A7: Near-duplicate | B7: 9.2.2 | C7: Ensure that Soft Delete for Containers on Azure Blob Storage Storage Accounts is Enabled | D7: Storage v2.0.0 | E7: 16.7 | F7: Ensure Soft Delete is Enabled for Azure Containers and Blob Storage | G7: Implement the stricter wording; map to both
A8: Duplicate | B8: 9.2.3 | C8: Ensure 'Versioning' is Set to 'Enabled' on Azure Blob Storage Storage Accounts | D8: Storage v2.0.0 | E8: 10.5 | F8: Ensure 'Versioning' is set to 'Enabled' on Azure Blob Storage storage accounts | G8: Implement once; map evidence to both IDs
A9: Duplicate | B9: 9.3.1.1 | C9: Ensure That 'Enable key rotation reminders' is Enabled for Each Storage Account | D9: Storage v2.0.0 | E9: 16.1.1 | F9: Ensure that 'Enable key rotation reminders' is enabled for each Storage Account | G9: Implement once; map evidence to both IDs
A10: Duplicate | B10: 9.3.1.2 | C10: Ensure That Storage Account Access keys are Periodically Regenerated | D10: Storage v2.0.0 | E10: 16.1.3 | F10: Ensure that Storage Account Access Keys are Periodically Regenerated | G10: Implement once; map evidence to both IDs
A11: Duplicate | B11: 9.3.1.3 | C11: Ensure 'Allow storage account key access' for Azure Storage Accounts is 'Disabled' | D11: Storage v2.0.0 | E11: 16.1.7 | F11: Ensure 'Allow storage account key access' for Azure Storage Accounts is 'Disabled' | G11: Implement once; map evidence to both IDs
A12: Duplicate | B12: 9.3.2.1 | C12: Ensure Private Endpoints are Used to Access Storage Accounts | D12: Storage v2.0.0 | E12: 16.2.1 | F12: Ensure Private Endpoints are used to access Storage Accounts | G12: Implement once; map evidence to both IDs
... A28: Related (same benchmark, other scope) | B28: - | C28: - | D28: Storage v2.0.0 | E28: 10.3, 16.7 | F28: Blob soft delete | G28: Same requirement at different scopes (Blob / Queue / Account / Storage Explorer); one policy can cover them all
