Workbook

Sheet Control List
A1: # | B1: AWS Service | C1: CIS Control ID | D1: Control | E1: Assessment | F1: Profile Level | G1: Reference CIS Benchmark & Version
A2: 1 | B2: Amazon AppStream 2.0 | C2: 5.1 | D2: Ensure AppStream is utilizing its own virtual private cloud (VPC) | E2: Manual | F2: Level 1 | G2: CIS AWS End User Compute Services Benchmark v1.2.0
A3: 2 | B3: Amazon AppStream 2.0 | C3: 5.2 | D3: Ensure a VPC Endpoint is set for AppStream | E3: Manual | F3: Level 1 | G3: CIS AWS End User Compute Services Benchmark v1.2.0
A4: 3 | B4: Amazon AppStream 2.0 | C4: 5.3 | D4: Ensure maximum session duration is no longer than 10 hours | E4: Automated | F4: Level 1 | G4: CIS AWS End User Compute Services Benchmark v1.2.0
A5: 4 | B5: Amazon AppStream 2.0 | C5: 5.4 | D5: Ensure session disconnect timeout is set to 5 minutes or less | E5: Automated | F5: Level 1 | G5: CIS AWS End User Compute Services Benchmark v1.2.0
A6: 5 | B6: Amazon AppStream 2.0 | C6: 5.5 | D6: Ensure session Idle disconnect timeout is set to 10 minutes or less | E6: Automated | F6: Level 1 | G6: CIS AWS End User Compute Services Benchmark v1.2.0
A7: 6 | B7: Amazon AppStream 2.0 | C7: 5.6 | D7: Ensure internet access is granted and managed through your VPC | E7: Automated | F7: Level 1 | G7: CIS AWS End User Compute Services Benchmark v1.2.0
A8: 7 | B8: Amazon AppStream 2.0 | C8: 5.7 | D8: Ensure Operating system updates are applied to your base image every 30 days. | E8: Manual | F8: Level 1 | G8: CIS AWS End User Compute Services Benchmark v1.2.0
A9: 8 | B9: Amazon Aurora | C9: 2.1 | D9: Ensure the Use of Security Groups | E9: Manual | F9: Level 1 | G9: CIS AWS Database Services Benchmark v2.0.0
A10: 9 | B10: Amazon Aurora | C10: 2.2 | D10: Ensure Data at Rest is Encrypted | E10: Manual | F10: Level 1 | G10: CIS AWS Database Services Benchmark v2.0.0
A11: 10 | B11: Amazon Aurora | C11: 2.3 | D11: Ensure Data in Transit Encryption is Enforced | E11: Manual | F11: Level 1 | G11: CIS AWS Database Services Benchmark v2.0.0
A12: 11 | B12: Amazon Aurora | C12: 2.4 | D12: Ensure IAM Roles and Policies are Created | E12: Manual | F12: Level 1 | G12: CIS AWS Database Services Benchmark v2.0.0
A13: 12 | B13: Amazon Aurora | C13: 2.5 | D13: Ensure Database Audit Logging is Enabled | E13: Manual | F13: Level 1 | G13: CIS AWS Database Services Benchmark v2.0.0
... A341: 340 | B341: IAM Access Analyzer | C341: 2.18 | D341: Ensure that IAM External Access Analyzer is enabled for all regions | E341: Automated | F341: Level 1 | G341: CIS Amazon Web Services Foundations Benchmark v7.0.0

Sheet Service Summary
A1: AWS Service | B1: Total Controls | C1: Level 1 | D1: Level 2 | E1: Automated | F1: Manual | G1: Reference CIS Benchmark(s)
A2: Amazon AppStream 2.0 | B2: =COUNTIF('Control List'!$B$2:$B$341,A2) -> 7 | C2: =COUNTIFS('Control List'!$B$2:$B$341,A2,'Control List'!$F$2:$F$341,"Level 1") -> 7 | D2: =COUNTIFS('Control List'!$B$2:$B$341,A2,'Control List'!$F$2:$F$341,"Level 2") -> 0 | E2: =COUNTIFS('Control List'!$B$2:$B$341,A2,'Control List'!$E$2:$E$341,"Automated") -> 4 | F2: =COUNTIFS('Control List'!$B$2:$B$341,A2,'Control List'!$E$2:$E$341,"Manual") -> 3 | G2: CIS AWS End User Compute Services Benchmark v1.2.0
A3: Amazon Aurora | B3: =COUNTIF('Control List'!$B$2:$B$341,A3) -> 11 | C3: =COUNTIFS('Control List'!$B$2:$B$341,A3,'Control List'!$F$2:$F$341,"Level 1") -> 10 | D3: =COUNTIFS('Control List'!$B$2:$B$341,A3,'Control List'!$F$2:$F$341,"Level 2") -> 1 | E3: =COUNTIFS('Control List'!$B$2:$B$341,A3,'Control List'!$E$2:$E$341,"Automated") -> 0 | F3: =COUNTIFS('Control List'!$B$2:$B$341,A3,'Control List'!$E$2:$E$341,"Manual") -> 11 | G3: CIS AWS Database Services Benchmark v2.0.0
A4: Amazon CloudWatch (CloudTrail metric filters & alarms) | B4: =COUNTIF('Control List'!$B$2:$B$341,A4) -> 15 | C4: =COUNTIFS('Control List'!$B$2:$B$341,A4,'Control List'!$F$2:$F$341,"Level 1") -> 9 | D4: =COUNTIFS('Control List'!$B$2:$B$341,A4,'Control List'!$F$2:$F$341,"Level 2") -> 6 | E4: =COUNTIFS('Control List'!$B$2:$B$341,A4,'Control List'!$E$2:$E$341,"Automated") -> 0 | F4: =COUNTIFS('Control List'!$B$2:$B$341,A4,'Control List'!$E$2:$E$341,"Manual") -> 15 | G4: CIS Amazon Web Services Foundations Benchmark v7.0.0
A5: Amazon DocumentDB | B5: =COUNTIF('Control List'!$B$2:$B$341,A5) -> 12 | C5: =COUNTIFS('Control List'!$B$2:$B$341,A5,'Control List'!$F$2:$F$341,"Level 1") -> 12 | D5: =COUNTIFS('Control List'!$B$2:$B$341,A5,'Control List'!$F$2:$F$341,"Level 2") -> 0 | E5: =COUNTIFS('Control List'!$B$2:$B$341,A5,'Control List'!$E$2:$E$341,"Automated") -> 0 | F5: =COUNTIFS('Control List'!$B$2:$B$341,A5,'Control List'!$E$2:$E$341,"Manual") -> 12 | G5: CIS AWS Database Services Benchmark v2.0.0
A6: Amazon DynamoDB | B6: =COUNTIF('Control List'!$B$2:$B$341,A6) -> 9 | C6: =COUNTIFS('Control List'!$B$2:$B$341,A6,'Control List'!$F$2:$F$341,"Level 1") -> 9 | D6: =COUNTIFS('Control List'!$B$2:$B$341,A6,'Control List'!$F$2:$F$341,"Level 2") -> 0 | E6: =COUNTIFS('Control List'!$B$2:$B$341,A6,'Control List'!$E$2:$E$341,"Automated") -> 0 | F6: =COUNTIFS('Control List'!$B$2:$B$341,A6,'Control List'!$E$2:$E$341,"Manual") -> 9 | G6: CIS AWS Database Services Benchmark v2.0.0
A7: Amazon EBS | B7: =COUNTIF('Control List'!$B$2:$B$341,A7) -> 19 | C7: =COUNTIFS('Control List'!$B$2:$B$341,A7,'Control List'!$F$2:$F$341,"Level 1") -> 6 | D7: =COUNTIFS('Control List'!$B$2:$B$341,A7,'Control List'!$F$2:$F$341,"Level 2") -> 13 | E7: =COUNTIFS('Control List'!$B$2:$B$341,A7,'Control List'!$E$2:$E$341,"Automated") -> 4 | F7: =COUNTIFS('Control List'!$B$2:$B$341,A7,'Control List'!$E$2:$E$341,"Manual") -> 15 | G7: CIS Amazon Web Services Foundations Benchmark v7.0.0; CIS AWS Compute Services Benchmark v2.0.0; CIS AWS Storage Services Benchmark v1.0.0
A8: Amazon EC2 | B8: =COUNTIF('Control List'!$B$2:$B$341,A8) -> 14 | C8: =COUNTIFS('Control List'!$B$2:$B$341,A8,'Control List'!$F$2:$F$341,"Level 1") -> 11 | D8: =COUNTIFS('Control List'!$B$2:$B$341,A8,'Control List'!$F$2:$F$341,"Level 2") -> 3 | E8: =COUNTIFS('Control List'!$B$2:$B$341,A8,'Control List'!$E$2:$E$341,"Automated") -> 3 | F8: =COUNTIFS('Control List'!$B$2:$B$341,A8,'Control List'!$E$2:$E$341,"Manual") -> 11 | G8: CIS Amazon Web Services Foundations Benchmark v7.0.0; CIS AWS Compute Services Benchmark v2.0.0
A9: Amazon EC2 (AMI) | B9: =COUNTIF('Control List'!$B$2:$B$341,A9) -> 5 | C9: =COUNTIFS('Control List'!$B$2:$B$341,A9,'Control List'!$F$2:$F$341,"Level 1") -> 5 | D9: =COUNTIFS('Control List'!$B$2:$B$341,A9,'Control List'!$F$2:$F$341,"Level 2") -> 0 | E9: =COUNTIFS('Control List'!$B$2:$B$341,A9,'Control List'!$E$2:$E$341,"Automated") -> 2 | F9: =COUNTIFS('Control List'!$B$2:$B$341,A9,'Control List'!$E$2:$E$341,"Manual") -> 3 | G9: CIS AWS Compute Services Benchmark v2.0.0
A10: Amazon ECR | B10: =COUNTIF('Control List'!$B$2:$B$341,A10) -> 4 | C10: =COUNTIFS('Control List'!$B$2:$B$341,A10,'Control List'!$F$2:$F$341,"Level 1") -> 3 | D10: =COUNTIFS('Control List'!$B$2:$B$341,A10,'Control List'!$F$2:$F$341,"Level 2") -> 1 | E10: =COUNTIFS('Control List'!$B$2:$B$341,A10,'Control List'!$E$2:$E$341,"Automated") -> 0 | F10: =COUNTIFS('Control List'!$B$2:$B$341,A10,'Control List'!$E$2:$E$341,"Manual") -> 4 | G10: CIS AWS Compute Services Benchmark v2.0.0
A11: Amazon ECS | B11: =COUNTIF('Control List'!$B$2:$B$341,A11) -> 16 | C11: =COUNTIFS('Control List'!$B$2:$B$341,A11,'Control List'!$F$2:$F$341,"Level 1") -> 14 | D11: =COUNTIFS('Control List'!$B$2:$B$341,A11,'Control List'!$F$2:$F$341,"Level 2") -> 2 | E11: =COUNTIFS('Control List'!$B$2:$B$341,A11,'Control List'!$E$2:$E$341,"Automated") -> 14 | F11: =COUNTIFS('Control List'!$B$2:$B$341,A11,'Control List'!$E$2:$E$341,"Manual") -> 2 | G11: CIS AWS Compute Services Benchmark v2.0.0
A12: Amazon EFS | B12: =COUNTIF('Control List'!$B$2:$B$341,A12) -> 13 | C12: =COUNTIFS('Control List'!$B$2:$B$341,A12,'Control List'!$F$2:$F$341,"Level 1") -> 1 | D12: =COUNTIFS('Control List'!$B$2:$B$341,A12,'Control List'!$F$2:$F$341,"Level 2") -> 12 | E12: =COUNTIFS('Control List'!$B$2:$B$341,A12,'Control List'!$E$2:$E$341,"Automated") -> 1 | F12: =COUNTIFS('Control List'!$B$2:$B$341,A12,'Control List'!$E$2:$E$341,"Manual") -> 12 | G12: CIS Amazon Web Services Foundations Benchmark v7.0.0; CIS AWS Storage Services Benchmark v1.0.0
A13: Amazon ElastiCache | B13: =COUNTIF('Control List'!$B$2:$B$341,A13) -> 13 | C13: =COUNTIFS('Control List'!$B$2:$B$341,A13,'Control List'!$F$2:$F$341,"Level 1") -> 11 | D13: =COUNTIFS('Control List'!$B$2:$B$341,A13,'Control List'!$F$2:$F$341,"Level 2") -> 2 | E13: =COUNTIFS('Control List'!$B$2:$B$341,A13,'Control List'!$E$2:$E$341,"Automated") -> 0 | F13: =COUNTIFS('Control List'!$B$2:$B$341,A13,'Control List'!$E$2:$E$341,"Manual") -> 13 | G13: CIS AWS Database Services Benchmark v2.0.0
... A46: IAM Access Analyzer | B46: =COUNTIF('Control List'!$B$2:$B$341,A46) -> 1 | C46: =COUNTIFS('Control List'!$B$2:$B$341,A46,'Control List'!$F$2:$F$341,"Level 1") -> 1 | D46: =COUNTIFS('Control List'!$B$2:$B$341,A46,'Control List'!$F$2:$F$341,"Level 2") -> 0 | E46: =COUNTIFS('Control List'!$B$2:$B$341,A46,'Control List'!$E$2:$E$341,"Automated") -> 1 | F46: =COUNTIFS('Control List'!$B$2:$B$341,A46,'Control List'!$E$2:$E$341,"Manual") -> 0 | G46: CIS Amazon Web Services Foundations Benchmark v7.0.0
A47: TOTAL | B47: =SUM(B2:B46) -> 340 | C47: =SUM(C2:C46) -> 235 | D47: =SUM(D2:D46) -> 105 | E47: =SUM(E2:E46) -> 69 | F47: =SUM(F2:F46) -> 271

Sheet Notes & Verification
A1: Source benchmarks
A2: CIS Amazon Web Services Foundations Benchmark v7.0.0 | B2: 70 recommendations
A3: CIS AWS Compute Services Benchmark v2.0.0 | B3: 82 recommendations
A4: CIS AWS Storage Services Benchmark v1.0.0 | B4: 56 recommendations
A5: CIS AWS Database Services Benchmark v2.0.0 | B5: 98 recommendations
A6: CIS AWS End User Compute Services Benchmark v1.2.0 | B6: 34 recommendations
A7: Total | B7: 340 recommendations
A9: Verification method
A10: 1. Extraction | B10: Each control taken from the recommendation body (ID, title, Assessment Status, Profile Applicability).
A11: 2. Completeness | B11: Count per benchmark reconciled against each Table of Contents: 70/82/56/98/34 — all match.
A12: 3. Accuracy | B12: Every control ID + title cross-checked against the benchmark's Appendix: Summary Table — 340/340 matched, 0 mismatches, 0 duplicates.
A14: Service mapping notes
A15: Foundations §2 (IAM) | B15: Mapped to AWS IAM, AWS Organizations (2.1.x), AWS Account Management (2.2–2.3), IAM Access Analyzer (2.18), AWS CloudShell (2.20).
A16: Foundations §4–5 | B16: CloudTrail/Config/KMS/VPC logging controls mapped to the owning service; CIS 5.1–5.15 metric-filter alarms mapped to Amazon CloudWatch; 5.16 to Security Hub.
A17: Foundations 4.8/4.9 | B17: S3 object-level (CloudTrail data event) logging — tagged "Amazon S3 / AWS CloudTrail".
A18: Compute §4, 7, 9, 13, 14, 15 | B18: EKS (refers to the separate CIS Amazon EKS Benchmark), Auto Scaling, Compute Optimizer, Local Zones, Outposts and Serverless Application Repository have section headers but NO recommendations in Compute v2.0.0.
A20: Overlapping controls (same intent in two benchmarks — implement once, map to both)
A21: EBS encryption by default | B21: Foundations 6.1.1 ↔ Compute 2.2.1
A22: IMDSv2 enforcement | B22: Foundations 6.7 ↔ Compute 2.8
A23: RDS not publicly accessible | B23: Foundations 3.2.3 ↔ Database 3.12
A24: RDS encryption at rest | B24: Foundations 3.2.1 ↔ Database 3.5
A25: RDS patching / minor version upgrade | B25: Foundations 3.2.2 ↔ Database 3.8
A26: Default security group restricted | B26: Foundations 6.5 ↔ Compute 2.7
A27: Remote admin ports (SSH/RDP) restricted | B27: Foundations 6.2–6.4 ↔ Compute 5.3–5.5 (Lightsail)
A29: Caveats
A30: Amazon WorkDocs / Amazon QLDB | B30: AWS has announced end-of-support for WorkDocs and QLDB; controls retained because they are in the provided benchmarks.
A31: Storage v1.0.0 | B31: All 56 controls are Manual and largely procedural (setup/runbook style); prioritise Foundations + Compute controls for automated posture checks.
